FIPS,state_name,county_name,value
01001,Alabama,Autauga,64.45454545454545
01003,Alabama,Baldwin,64.45454545454545
01005,Alabama,Barbour,25.636363636363637
01007,Alabama,Bibb,25.636363636363637
01009,Alabama,Blount,42.27272727272727
01011,Alabama,Bullock,25.636363636363637
01013,Alabama,Butler,25.636363636363637
01015,Alabama,Calhoun,42.27272727272727
01017,Alabama,Chambers,25.636363636363637
01019,Alabama,Cherokee,25.636363636363637
01021,Alabama,Chilton,47.81818181818182
01023,Alabama,Choctaw,25.636363636363637
01025,Alabama,Clarke,25.636363636363637
01027,Alabama,Clay,25.636363636363637
01029,Alabama,Cleburne,14.545454545454547
01031,Alabama,Coffee,53.36363636363637
01033,Alabama,Colbert,25.636363636363637
01035,Alabama,Conecuh,14.545454545454547
01037,Alabama,Coosa,25.636363636363637
01039,Alabama,Covington,25.636363636363637
01041,Alabama,Crenshaw,25.636363636363637
01043,Alabama,Cullman,25.636363636363637
01045,Alabama,Dale,47.81818181818182
01047,Alabama,Dallas,25.636363636363637
01049,Alabama,DeKalb,25.636363636363637
01051,Alabama,Elmore,53.36363636363637
01053,Alabama,Escambia,14.545454545454547
01055,Alabama,Etowah,42.27272727272727
01057,Alabama,Fayette,25.636363636363637
01059,Alabama,Franklin,25.636363636363637
01061,Alabama,Geneva,14.545454545454547
01063,Alabama,Greene,14.545454545454547
01065,Alabama,Hale,25.636363636363637
01067,Alabama,Henry,25.636363636363637
01069,Alabama,Houston,31.181818181818183
01071,Alabama,Jackson,25.636363636363637
01073,Alabama,Jefferson,70.0
01075,Alabama,Lamar,25.636363636363637
01077,Alabama,Lauderdale,53.36363636363637
01079,Alabama,Lawrence,25.636363636363637
01081,Alabama,Lee,47.81818181818182
01083,Alabama,Limestone,64.45454545454545
01085,Alabama,Lowndes,25.636363636363637
01087,Alabama,Macon,25.636363636363637
01089,Alabama,Madison,70.0
01091,Alabama,Marengo,25.636363636363637
01093,Alabama,Marion,25.636363636363637
01095,Alabama,Marshall,25.636363636363637
01097,Alabama,Mobile,53.36363636363637
01099,Alabama,Monroe,14.545454545454547
01101,Alabama,Montgomery,53.36363636363637
01103,Alabama,Morgan,47.81818181818182
01105,Alabama,Perry,14.545454545454547
01107,Alabama,Pickens,25.636363636363637
01109,Alabama,Pike,25.636363636363637
01111,Alabama,Randolph,25.636363636363637
01113,Alabama,Russell,25.636363636363637
01115,Alabama,St. Clair,47.81818181818182
01117,Alabama,Shelby,58.909090909090914
01119,Alabama,Sumter,14.545454545454547
01121,Alabama,Talladega,25.636363636363637
01123,Alabama,Tallapoosa,42.27272727272727
01125,Alabama,Tuscaloosa,47.81818181818182
01127,Alabama,Walker,47.81818181818182
01129,Alabama,Washington,47.81818181818182
01131,Alabama,Wilcox,14.545454545454547
01133,Alabama,Winston,25.636363636363637
04001,Arizona,Apache,14.545454545454547
04003,Arizona,Cochise,53.36363636363637
04005,Arizona,Coconino,64.45454545454545
04007,Arizona,Gila,47.81818181818182
04009,Arizona,Graham,25.636363636363637
04011,Arizona,Greenlee,42.27272727272727
04012,Arizona,La Paz,25.636363636363637
04013,Arizona,Maricopa,70.0
04015,Arizona,Mohave,53.36363636363637
04017,Arizona,Navajo,14.545454545454547
04019,Arizona,Pima,64.45454545454545
04021,Arizona,Pinal,53.36363636363637
04023,Arizona,Santa Cruz,25.636363636363637
04025,Arizona,Yavapai,58.909090909090914
04027,Arizona,Yuma,25.636363636363637
05001,Arkansas,Arkansas,42.27272727272727
05003,Arkansas,Ashley,25.636363636363637
05005,Arkansas,Baxter,42.27272727272727
05007,Arkansas,Benton,58.909090909090914
05009,Arkansas,Boone,25.636363636363637
05011,Arkansas,Bradley,25.636363636363637
05013,Arkansas,Calhoun,25.636363636363637
05015,Arkansas,Carroll,25.636363636363637
05017,Arkansas,Chicot,14.545454545454547
05019,Arkansas,Clark,25.636363636363637
05021,Arkansas,Clay,14.545454545454547
05023,Arkansas,Cleburne,53.36363636363637
05025,Arkansas,Cleveland,25.636363636363637
05027,Arkansas,Columbia,25.636363636363637
05029,Arkansas,Conway,42.27272727272727
05031,Arkansas,Craighead,47.81818181818182
05033,Arkansas,Crawford,25.636363636363637
05035,Arkansas,Crittenden,31.181818181818183
05037,Arkansas,Cross,25.636363636363637
05039,Arkansas,Dallas,25.636363636363637
05041,Arkansas,Desha,14.545454545454547
05043,Arkansas,Drew,25.636363636363637
05045,Arkansas,Faulkner,53.36363636363637
05047,Arkansas,Franklin,25.636363636363637
05049,Arkansas,Fulton,25.636363636363637
05051,Arkansas,Garland,47.81818181818182
05053,Arkansas,Grant,47.81818181818182
05055,Arkansas,Greene,25.636363636363637
05057,Arkansas,Hempstead,25.636363636363637
05059,Arkansas,Hot Spring,25.636363636363637
05061,Arkansas,Howard,25.636363636363637
05063,Arkansas,Independence,25.636363636363637
05065,Arkansas,Izard,25.636363636363637
05067,Arkansas,Jackson,25.636363636363637
05069,Arkansas,Jefferson,25.636363636363637
05071,Arkansas,Johnson,25.636363636363637
05073,Arkansas,Lafayette,36.72727272727273
05075,Arkansas,Lawrence,25.636363636363637
05077,Arkansas,Lee,14.545454545454547
05079,Arkansas,Lincoln,14.545454545454547
05081,Arkansas,Little River,25.636363636363637
05083,Arkansas,Logan,25.636363636363637
05085,Arkansas,Lonoke,53.36363636363637
05087,Arkansas,Madison,25.636363636363637
05089,Arkansas,Marion,25.636363636363637
05091,Arkansas,Miller,42.27272727272727
05093,Arkansas,Mississippi,14.545454545454547
05095,Arkansas,Monroe,25.636363636363637
05097,Arkansas,Montgomery,25.636363636363637
05099,Arkansas,Nevada,25.636363636363637
05101,Arkansas,Newton,25.636363636363637
05103,Arkansas,Ouachita,25.636363636363637
05105,Arkansas,Perry,47.81818181818182
05107,Arkansas,Phillips,14.545454545454547
05109,Arkansas,Pike,25.636363636363637
05111,Arkansas,Poinsett,25.636363636363637
05113,Arkansas,Polk,25.636363636363637
05115,Arkansas,Pope,25.636363636363637
05117,Arkansas,Prairie,25.636363636363637
05119,Arkansas,Pulaski,58.909090909090914
05121,Arkansas,Randolph,25.636363636363637
05123,Arkansas,St. Francis,14.545454545454547
05125,Arkansas,Saline,64.45454545454545
05127,Arkansas,Scott,25.636363636363637
05129,Arkansas,Searcy,25.636363636363637
05131,Arkansas,Sebastian,25.636363636363637
05133,Arkansas,Sevier,25.636363636363637
05135,Arkansas,Sharp,25.636363636363637
05137,Arkansas,Stone,25.636363636363637
05139,Arkansas,Union,25.636363636363637
05141,Arkansas,Van Buren,25.636363636363637
05143,Arkansas,Washington,53.36363636363637
05145,Arkansas,White,42.27272727272727
05147,Arkansas,Woodruff,25.636363636363637
05149,Arkansas,Yell,25.636363636363637
06001,California,Alameda,70.0
06003,California,Alpine,64.45454545454545
06005,California,Amador,64.45454545454545
06007,California,Butte,53.36363636363637
06009,California,Calaveras,58.909090909090914
06011,California,Colusa,53.36363636363637
06013,California,Contra Costa,70.0
06015,California,Del Norte,25.636363636363637
06017,California,El Dorado,70.0
06019,California,Fresno,42.27272727272727
06021,California,Glenn,25.636363636363637
06023,California,Humboldt,53.36363636363637
06025,California,Imperial,14.545454545454547
06027,California,Inyo,70.0
06029,California,Kern,47.81818181818182
06031,California,Kings,25.636363636363637
06033,California,Lake,53.36363636363637
06035,California,Lassen,25.636363636363637
06037,California,Los Angeles,70.0
06039,California,Madera,25.636363636363637
06041,California,Marin,70.0
06043,California,Mariposa,64.45454545454545
06045,California,Mendocino,64.45454545454545
06047,California,Merced,25.636363636363637
06049,California,Modoc,25.636363636363637
06051,California,Mono,70.0
06053,California,Monterey,58.909090909090914
06055,California,Napa,70.0
06057,California,Nevada,70.0
06059,California,Orange,70.0
06061,California,Placer,70.0
06063,California,Plumas,70.0
06065,California,Riverside,64.45454545454545
06067,California,Sacramento,58.909090909090914
06069,California,San Benito,58.909090909090914
06071,California,San Bernardino,53.36363636363637
06073,California,San Diego,70.0
06075,California,San Francisco,64.45454545454545
06077,California,San Joaquin,53.36363636363637
06079,California,San Luis Obispo,70.0
06081,California,San Mateo,70.0
06083,California,Santa Barbara,70.0
06085,California,Santa Clara,70.0
06087,California,Santa Cruz,64.45454545454545
06089,California,Shasta,64.45454545454545
06091,California,Sierra,58.909090909090914
06093,California,Siskiyou,53.36363636363637
06095,California,Solano,70.0
06097,California,Sonoma,70.0
06099,California,Stanislaus,47.81818181818182
06101,California,Sutter,53.36363636363637
06103,California,Tehama,47.81818181818182
06105,California,Trinity,53.36363636363637
06107,California,Tulare,25.636363636363637
06109,California,Tuolumne,70.0
06111,California,Ventura,70.0
06113,California,Yolo,58.909090909090914
06115,California,Yuba,42.27272727272727
08001,Colorado,Adams,58.909090909090914
08003,Colorado,Alamosa,25.636363636363637
08005,Colorado,Arapahoe,70.0
08007,Colorado,Archuleta,53.36363636363637
08009,Colorado,Baca,42.27272727272727
08011,Colorado,Bent,14.545454545454547
08013,Colorado,Boulder,70.0
08014,Colorado,Broomfield,53.36363636363637
08015,Colorado,Chaffee,64.45454545454545
08017,Colorado,Cheyenne,47.81818181818182
08019,Colorado,Clear Creek,70.0
08021,Colorado,Conejos,14.545454545454547
08023,Colorado,Costilla,25.636363636363637
08025,Colorado,Crowley,14.545454545454547
08027,Colorado,Custer,53.36363636363637
08029,Colorado,Delta,53.36363636363637
08031,Colorado,Denver,64.45454545454545
08033,Colorado,Dolores,47.81818181818182
08035,Colorado,Douglas,70.0
08037,Colorado,Eagle,70.0
08039,Colorado,Elbert,70.0
08041,Colorado,El Paso,70.0
08043,Colorado,Fremont,25.636363636363637
08045,Colorado,Garfield,70.0
08047,Colorado,Gilpin,64.45454545454545
08049,Colorado,Grand,70.0
08051,Colorado,Gunnison,58.909090909090914
08053,Colorado,Hinsdale,58.909090909090914
08055,Colorado,Huerfano,53.36363636363637
08057,Colorado,Jackson,53.36363636363637
08059,Colorado,Jefferson,70.0
08061,Colorado,Kiowa,42.27272727272727
08063,Colorado,Kit Carson,53.36363636363637
08065,Colorado,Lake,64.45454545454545
08067,Colorado,La Plata,70.0
08069,Colorado,Larimer,70.0
08071,Colorado,Las Animas,47.81818181818182
08073,Colorado,Lincoln,14.545454545454547
08075,Colorado,Logan,53.36363636363637
08077,Colorado,Mesa,58.909090909090914
08079,Colorado,Mineral,70.0
08081,Colorado,Moffat,58.909090909090914
08083,Colorado,Montezuma,47.81818181818182
08085,Colorado,Montrose,53.36363636363637
08087,Colorado,Morgan,53.36363636363637
08089,Colorado,Otero,25.636363636363637
08091,Colorado,Ouray,70.0
08093,Colorado,Park,70.0
08095,Colorado,Phillips,53.36363636363637
08097,Colorado,Pitkin,70.0
08099,Colorado,Prowers,25.636363636363637
08101,Colorado,Pueblo,47.81818181818182
08103,Colorado,Rio Blanco,58.909090909090914
08105,Colorado,Rio Grande,25.636363636363637
08107,Colorado,Routt,70.0
08109,Colorado,Saguache,47.81818181818182
08111,Colorado,San Juan,58.909090909090914
08113,Colorado,San Miguel,70.0
08115,Colorado,Sedgwick,47.81818181818182
08117,Colorado,Summit,70.0
08119,Colorado,Teller,58.909090909090914
08121,Colorado,Washington,64.45454545454545
08123,Colorado,Weld,58.909090909090914
08125,Colorado,Yuma,47.81818181818182
09110,Connecticut,Capitol,70.0
09120,Connecticut,Greater Bridgeport,70.0
09130,Connecticut,Lower Connecticut River Valley,70.0
09140,Connecticut,Naugatuck Valley,70.0
09150,Connecticut,Northeastern Connecticut,53.36363636363637
09160,Connecticut,Northwest Hills,70.0
09170,Connecticut,South Central Connecticut,58.909090909090914
09180,Connecticut,Southeastern Connecticut,70.0
09190,Connecticut,Western Connecticut,70.0
10001,Delaware,Kent,64.45454545454545
10003,Delaware,New Castle,64.45454545454545
10005,Delaware,Sussex,64.45454545454545
11001,District of Columbia,District of Columbia,64.45454545454545
12001,Florida,Alachua,53.36363636363637
12003,Florida,Baker,25.636363636363637
12005,Florida,Bay,53.36363636363637
12007,Florida,Bradford,47.81818181818182
12009,Florida,Brevard,64.45454545454545
12011,Florida,Broward,58.909090909090914
12013,Florida,Calhoun,14.545454545454547
12015,Florida,Charlotte,64.45454545454545
12017,Florida,Citrus,53.36363636363637
12019,Florida,Clay,64.45454545454545
12021,Florida,Collier,70.0
12023,Florida,Columbia,42.27272727272727
12027,Florida,DeSoto,25.636363636363637
12029,Florida,Dixie,25.636363636363637
12031,Florida,Duval,64.45454545454545
12033,Florida,Escambia,47.81818181818182
12035,Florida,Flagler,53.36363636363637
12037,Florida,Franklin,25.636363636363637
12039,Florida,Gadsden,36.72727272727273
12041,Florida,Gilchrist,25.636363636363637
12043,Florida,Glades,25.636363636363637
12045,Florida,Gulf,25.636363636363637
12047,Florida,Hamilton,14.545454545454547
12049,Florida,Hardee,25.636363636363637
12051,Florida,Hendry,42.27272727272727
12053,Florida,Hernando,47.81818181818182
12055,Florida,Highlands,25.636363636363637
12057,Florida,Hillsborough,58.909090909090914
12059,Florida,Holmes,14.545454545454547
12061,Florida,Indian River,58.909090909090914
12063,Florida,Jackson,14.545454545454547
12065,Florida,Jefferson,25.636363636363637
12067,Florida,Lafayette,25.636363636363637
12069,Florida,Lake,53.36363636363637
12071,Florida,Lee,58.909090909090914
12073,Florida,Leon,64.45454545454545
12075,Florida,Levy,25.636363636363637
12077,Florida,Liberty,25.636363636363637
12079,Florida,Madison,14.545454545454547
12081,Florida,Manatee,64.45454545454545
12083,Florida,Marion,53.36363636363637
12085,Florida,Martin,70.0
12086,Florida,Miami-Dade,53.36363636363637
12087,Florida,Monroe,70.0
12089,Florida,Nassau,58.909090909090914
12091,Florida,Okaloosa,58.909090909090914
12093,Florida,Okeechobee,25.636363636363637
12095,Florida,Orange,64.45454545454545
12097,Florida,Osceola,25.636363636363637
12099,Florida,Palm Beach,70.0
12101,Florida,Pasco,53.36363636363637
12103,Florida,Pinellas,47.81818181818182
12105,Florida,Polk,25.636363636363637
12107,Florida,Putnam,25.636363636363637
12109,Florida,St. Johns,70.0
12111,Florida,St. Lucie,53.36363636363637
12113,Florida,Santa Rosa,58.909090909090914
12115,Florida,Sarasota,70.0
12117,Florida,Seminole,64.45454545454545
12119,Florida,Sumter,58.909090909090914
12121,Florida,Suwannee,25.636363636363637
12123,Florida,Taylor,14.545454545454547
12125,Florida,Union,14.545454545454547
12127,Florida,Volusia,53.36363636363637
12129,Florida,Wakulla,25.636363636363637
12131,Florida,Walton,58.909090909090914
12133,Florida,Washington,25.636363636363637
13001,Georgia,Appling,25.636363636363637
13003,Georgia,Atkinson,25.636363636363637
13005,Georgia,Bacon,25.636363636363637
13007,Georgia,Baker,25.636363636363637
13009,Georgia,Baldwin,25.636363636363637
13011,Georgia,Banks,25.636363636363637
13013,Georgia,Barrow,42.27272727272727
13015,Georgia,Bartow,64.45454545454545
13017,Georgia,Ben Hill,14.545454545454547
13019,Georgia,Berrien,14.545454545454547
13021,Georgia,Bibb,25.636363636363637
13023,Georgia,Bleckley,25.636363636363637
13025,Georgia,Brantley,36.72727272727273
13027,Georgia,Brooks,25.636363636363637
13029,Georgia,Bryan,64.45454545454545
13031,Georgia,Bulloch,36.72727272727273
13033,Georgia,Burke,25.636363636363637
13035,Georgia,Butts,25.636363636363637
13037,Georgia,Calhoun,14.545454545454547
13039,Georgia,Camden,47.81818181818182
13043,Georgia,Candler,14.545454545454547
13045,Georgia,Carroll,47.81818181818182
13047,Georgia,Catoosa,25.636363636363637
13049,Georgia,Charlton,25.636363636363637
13051,Georgia,Chatham,47.81818181818182
13053,Georgia,Chattahoochee,25.636363636363637
13055,Georgia,Chattooga,25.636363636363637
13057,Georgia,Cherokee,70.0
13059,Georgia,Clarke,31.181818181818183
13061,Georgia,Clay,14.545454545454547
13063,Georgia,Clayton,53.36363636363637
13065,Georgia,Clinch,14.545454545454547
13067,Georgia,Cobb,70.0
13069,Georgia,Coffee,14.545454545454547
13071,Georgia,Colquitt,25.636363636363637
13073,Georgia,Columbia,53.36363636363637
13075,Georgia,Cook,14.545454545454547
13077,Georgia,Coweta,58.909090909090914
13079,Georgia,Crawford,25.636363636363637
13081,Georgia,Crisp,25.636363636363637
13083,Georgia,Dade,25.636363636363637
13085,Georgia,Dawson,58.909090909090914
13087,Georgia,Decatur,14.545454545454547
13089,Georgia,DeKalb,53.36363636363637
13091,Georgia,Dodge,14.545454545454547
13093,Georgia,Dooly,14.545454545454547
13095,Georgia,Dougherty,25.636363636363637
13097,Georgia,Douglas,58.909090909090914
13099,Georgia,Early,14.545454545454547
13101,Georgia,Echols,14.545454545454547
13103,Georgia,Effingham,47.81818181818182
13105,Georgia,Elbert,14.545454545454547
13107,Georgia,Emanuel,14.545454545454547
13109,Georgia,Evans,14.545454545454547
13111,Georgia,Fannin,47.81818181818182
13113,Georgia,Fayette,47.81818181818182
13115,Georgia,Floyd,47.81818181818182
13117,Georgia,Forsyth,64.45454545454545
13119,Georgia,Franklin,25.636363636363637
13121,Georgia,Fulton,58.909090909090914
13123,Georgia,Gilmer,47.81818181818182
13125,Georgia,Glascock,14.545454545454547
13127,Georgia,Glynn,53.36363636363637
13129,Georgia,Gordon,42.27272727272727
13131,Georgia,Grady,25.636363636363637
13133,Georgia,Greene,64.45454545454545
13135,Georgia,Gwinnett,64.45454545454545
13137,Georgia,Habersham,25.636363636363637
13139,Georgia,Hall,47.81818181818182
13141,Georgia,Hancock,14.545454545454547
13143,Georgia,Haralson,42.27272727272727
13145,Georgia,Harris,64.45454545454545
13147,Georgia,Hart,25.636363636363637
13149,Georgia,Heard,25.636363636363637
13151,Georgia,Henry,47.81818181818182
13153,Georgia,Houston,36.72727272727273
13155,Georgia,Irwin,14.545454545454547
13157,Georgia,Jackson,47.81818181818182
13159,Georgia,Jasper,36.72727272727273
13161,Georgia,Jeff Davis,14.545454545454547
13163,Georgia,Jefferson,14.545454545454547
13165,Georgia,Jenkins,14.545454545454547
13167,Georgia,Johnson,14.545454545454547
13169,Georgia,Jones,47.81818181818182
13171,Georgia,Lamar,53.36363636363637
13173,Georgia,Lanier,14.545454545454547
13175,Georgia,Laurens,25.636363636363637
13177,Georgia,Lee,47.81818181818182
13179,Georgia,Liberty,25.636363636363637
13181,Georgia,Lincoln,31.181818181818183
13183,Georgia,Long,25.636363636363637
13185,Georgia,Lowndes,25.636363636363637
13187,Georgia,Lumpkin,42.27272727272727
13189,Georgia,McDuffie,25.636363636363637
13191,Georgia,McIntosh,47.81818181818182
13193,Georgia,Macon,14.545454545454547
13195,Georgia,Madison,25.636363636363637
13197,Georgia,Marion,25.636363636363637
13199,Georgia,Meriwether,25.636363636363637
13201,Georgia,Miller,25.636363636363637
13205,Georgia,Mitchell,14.545454545454547
13207,Georgia,Monroe,53.36363636363637
13209,Georgia,Montgomery,25.636363636363637
13211,Georgia,Morgan,64.45454545454545
13213,Georgia,Murray,25.636363636363637
13215,Georgia,Muscogee,42.27272727272727
13217,Georgia,Newton,36.72727272727273
13219,Georgia,Oconee,58.909090909090914
13221,Georgia,Oglethorpe,25.636363636363637
13223,Georgia,Paulding,64.45454545454545
13225,Georgia,Peach,53.36363636363637
13227,Georgia,Pickens,64.45454545454545
13229,Georgia,Pierce,25.636363636363637
13231,Georgia,Pike,25.636363636363637
13233,Georgia,Polk,47.81818181818182
13235,Georgia,Pulaski,14.545454545454547
13237,Georgia,Putnam,42.27272727272727
13239,Georgia,Quitman,14.545454545454547
13241,Georgia,Rabun,42.27272727272727
13243,Georgia,Randolph,14.545454545454547
13245,Georgia,Richmond,14.545454545454547
13247,Georgia,Rockdale,36.72727272727273
13249,Georgia,Schley,25.636363636363637
13251,Georgia,Screven,25.636363636363637
13253,Georgia,Seminole,25.636363636363637
13255,Georgia,Spalding,25.636363636363637
13257,Georgia,Stephens,14.545454545454547
13259,Georgia,Stewart,14.545454545454547
13261,Georgia,Sumter,25.636363636363637
13263,Georgia,Talbot,25.636363636363637
13265,Georgia,Taliaferro,25.636363636363637
13267,Georgia,Tattnall,14.545454545454547
13269,Georgia,Taylor,14.545454545454547
13271,Georgia,Telfair,14.545454545454547
13273,Georgia,Terrell,36.72727272727273
13275,Georgia,Thomas,42.27272727272727
13277,Georgia,Tift,25.636363636363637
13279,Georgia,Toombs,25.636363636363637
13281,Georgia,Towns,42.27272727272727
13283,Georgia,Treutlen,25.636363636363637
13285,Georgia,Troup,25.636363636363637
13287,Georgia,Turner,25.636363636363637
13289,Georgia,Twiggs,14.545454545454547
13291,Georgia,Union,47.81818181818182
13293,Georgia,Upson,25.636363636363637
13295,Georgia,Walker,25.636363636363637
13297,Georgia,Walton,53.36363636363637
13299,Georgia,Ware,14.545454545454547
13301,Georgia,Warren,25.636363636363637
13303,Georgia,Washington,25.636363636363637
13305,Georgia,Wayne,25.636363636363637
13307,Georgia,Webster,25.636363636363637
13309,Georgia,Wheeler,14.545454545454547
13311,Georgia,White,25.636363636363637
13313,Georgia,Whitfield,25.636363636363637
13315,Georgia,Wilcox,14.545454545454547
13317,Georgia,Wilkes,25.636363636363637
13319,Georgia,Wilkinson,25.636363636363637
13321,Georgia,Worth,25.636363636363637
16001,Idaho,Ada,58.909090909090914
16003,Idaho,Adams,47.81818181818182
16005,Idaho,Bannock,47.81818181818182
16007,Idaho,Bear Lake,42.27272727272727
16009,Idaho,Benewah,42.27272727272727
16011,Idaho,Bingham,25.636363636363637
16013,Idaho,Blaine,70.0
16015,Idaho,Boise,58.909090909090914
16017,Idaho,Bonner,53.36363636363637
16019,Idaho,Bonneville,53.36363636363637
16021,Idaho,Boundary,53.36363636363637
16023,Idaho,Butte,64.45454545454545
16025,Idaho,Camas,58.909090909090914
16027,Idaho,Canyon,25.636363636363637
16029,Idaho,Caribou,53.36363636363637
16031,Idaho,Cassia,25.636363636363637
16033,Idaho,Clark,14.545454545454547
16035,Idaho,Clearwater,25.636363636363637
16037,Idaho,Custer,53.36363636363637
16039,Idaho,Elmore,47.81818181818182
16041,Idaho,Franklin,25.636363636363637
16043,Idaho,Fremont,25.636363636363637
16045,Idaho,Gem,25.636363636363637
16047,Idaho,Gooding,25.636363636363637
16049,Idaho,Idaho,25.636363636363637
16051,Idaho,Jefferson,25.636363636363637
16053,Idaho,Jerome,25.636363636363637
16055,Idaho,Kootenai,64.45454545454545
16057,Idaho,Latah,42.27272727272727
16059,Idaho,Lemhi,42.27272727272727
16061,Idaho,Lewis,42.27272727272727
16063,Idaho,Lincoln,25.636363636363637
16065,Idaho,Madison,14.545454545454547
16067,Idaho,Minidoka,25.636363636363637
16069,Idaho,Nez Perce,42.27272727272727
16071,Idaho,Oneida,25.636363636363637
16073,Idaho,Owyhee,25.636363636363637
16075,Idaho,Payette,25.636363636363637
16077,Idaho,Power,25.636363636363637
16079,Idaho,Shoshone,47.81818181818182
16081,Idaho,Teton,53.36363636363637
16083,Idaho,Twin Falls,42.27272727272727
16085,Idaho,Valley,58.909090909090914
16087,Idaho,Washington,25.636363636363637
17001,Illinois,Adams,53.36363636363637
17003,Illinois,Alexander,14.545454545454547
17005,Illinois,Bond,47.81818181818182
17007,Illinois,Boone,58.909090909090914
17009,Illinois,Brown,25.636363636363637
17011,Illinois,Bureau,58.909090909090914
17013,Illinois,Calhoun,47.81818181818182
17015,Illinois,Carroll,64.45454545454545
17017,Illinois,Cass,53.36363636363637
17019,Illinois,Champaign,58.909090909090914
17021,Illinois,Christian,53.36363636363637
17023,Illinois,Clark,47.81818181818182
17025,Illinois,Clay,53.36363636363637
17027,Illinois,Clinton,58.909090909090914
17029,Illinois,Coles,53.36363636363637
17031,Illinois,Cook,58.909090909090914
17033,Illinois,Crawford,42.27272727272727
17035,Illinois,Cumberland,47.81818181818182
17037,Illinois,DeKalb,64.45454545454545
17039,Illinois,De Witt,58.909090909090914
17041,Illinois,Douglas,53.36363636363637
17043,Illinois,DuPage,70.0
17045,Illinois,Edgar,47.81818181818182
17047,Illinois,Edwards,36.72727272727273
17049,Illinois,Effingham,64.45454545454545
17051,Illinois,Fayette,42.27272727272727
17053,Illinois,Ford,47.81818181818182
17055,Illinois,Franklin,42.27272727272727
17057,Illinois,Fulton,53.36363636363637
17059,Illinois,Gallatin,25.636363636363637
17061,Illinois,Greene,47.81818181818182
17063,Illinois,Grundy,58.909090909090914
17065,Illinois,Hamilton,53.36363636363637
17067,Illinois,Hancock,53.36363636363637
17069,Illinois,Hardin,14.545454545454547
17071,Illinois,Henderson,53.36363636363637
17073,Illinois,Henry,64.45454545454545
17075,Illinois,Iroquois,53.36363636363637
17077,Illinois,Jackson,47.81818181818182
17079,Illinois,Jasper,53.36363636363637
17081,Illinois,Jefferson,47.81818181818182
17083,Illinois,Jersey,47.81818181818182
17085,Illinois,Jo Daviess,64.45454545454545
17087,Illinois,Johnson,25.636363636363637
17089,Illinois,Kane,70.0
17091,Illinois,Kankakee,47.81818181818182
17093,Illinois,Kendall,58.909090909090914
17095,Illinois,Knox,47.81818181818182
17097,Illinois,Lake,70.0
17099,Illinois,LaSalle,58.909090909090914
17101,Illinois,Lawrence,25.636363636363637
17103,Illinois,Lee,64.45454545454545
17105,Illinois,Livingston,64.45454545454545
17107,Illinois,Logan,64.45454545454545
17109,Illinois,McDonough,42.27272727272727
17111,Illinois,McHenry,70.0
17113,Illinois,McLean,70.0
17115,Illinois,Macon,64.45454545454545
17117,Illinois,Macoupin,64.45454545454545
17119,Illinois,Madison,58.909090909090914
17121,Illinois,Marion,47.81818181818182
17123,Illinois,Marshall,58.909090909090914
17125,Illinois,Mason,53.36363636363637
17127,Illinois,Massac,14.545454545454547
17129,Illinois,Menard,58.909090909090914
17131,Illinois,Mercer,53.36363636363637
17133,Illinois,Monroe,64.45454545454545
17135,Illinois,Montgomery,42.27272727272727
17137,Illinois,Morgan,53.36363636363637
17139,Illinois,Moultrie,47.81818181818182
17141,Illinois,Ogle,58.909090909090914
17143,Illinois,Peoria,58.909090909090914
17145,Illinois,Perry,47.81818181818182
17147,Illinois,Piatt,58.909090909090914
17149,Illinois,Pike,36.72727272727273
17151,Illinois,Pope,25.636363636363637
17153,Illinois,Pulaski,14.545454545454547
17155,Illinois,Putnam,64.45454545454545
17157,Illinois,Randolph,42.27272727272727
17159,Illinois,Richland,42.27272727272727
17161,Illinois,Rock Island,53.36363636363637
17163,Illinois,St. Clair,64.45454545454545
17165,Illinois,Saline,25.636363636363637
17167,Illinois,Sangamon,70.0
17169,Illinois,Schuyler,42.27272727272727
17171,Illinois,Scott,53.36363636363637
17173,Illinois,Shelby,47.81818181818182
17175,Illinois,Stark,64.45454545454545
17177,Illinois,Stephenson,53.36363636363637
17179,Illinois,Tazewell,58.909090909090914
17181,Illinois,Union,42.27272727272727
17183,Illinois,Vermilion,36.72727272727273
17185,Illinois,Wabash,36.72727272727273
17187,Illinois,Warren,47.81818181818182
17189,Illinois,Washington,64.45454545454545
17191,Illinois,Wayne,53.36363636363637
17193,Illinois,White,47.81818181818182
17195,Illinois,Whiteside,64.45454545454545
17197,Illinois,Will,58.909090909090914
17199,Illinois,Williamson,47.81818181818182
17201,Illinois,Winnebago,53.36363636363637
17203,Illinois,Woodford,70.0
18001,Indiana,Adams,14.545454545454547
18003,Indiana,Allen,47.81818181818182
18005,Indiana,Bartholomew,64.45454545454545
18007,Indiana,Benton,47.81818181818182
18009,Indiana,Blackford,25.636363636363637
18011,Indiana,Boone,70.0
18013,Indiana,Brown,64.45454545454545
18015,Indiana,Carroll,53.36363636363637
18017,Indiana,Cass,47.81818181818182
18019,Indiana,Clark,47.81818181818182
18021,Indiana,Clay,47.81818181818182
18023,Indiana,Clinton,53.36363636363637
18025,Indiana,Crawford,25.636363636363637
18027,Indiana,Daviess,42.27272727272727
18029,Indiana,Dearborn,36.72727272727273
18031,Indiana,Decatur,47.81818181818182
18033,Indiana,DeKalb,42.27272727272727
18035,Indiana,Delaware,42.27272727272727
18037,Indiana,Dubois,53.36363636363637
18039,Indiana,Elkhart,47.81818181818182
18041,Indiana,Fayette,36.72727272727273
18043,Indiana,Floyd,36.72727272727273
18045,Indiana,Fountain,47.81818181818182
18047,Indiana,Franklin,47.81818181818182
18049,Indiana,Fulton,47.81818181818182
18051,Indiana,Gibson,53.36363636363637
18053,Indiana,Grant,25.636363636363637
18055,Indiana,Greene,47.81818181818182
18057,Indiana,Hamilton,70.0
18059,Indiana,Hancock,64.45454545454545
18061,Indiana,Harrison,42.27272727272727
18063,Indiana,Hendricks,58.909090909090914
18065,Indiana,Henry,42.27272727272727
18067,Indiana,Howard,47.81818181818182
18069,Indiana,Huntington,47.81818181818182
18071,Indiana,Jackson,47.81818181818182
18073,Indiana,Jasper,47.81818181818182
18075,Indiana,Jay,25.636363636363637
18077,Indiana,Jefferson,36.72727272727273
18079,Indiana,Jennings,42.27272727272727
18081,Indiana,Johnson,58.909090909090914
18083,Indiana,Knox,47.81818181818182
18085,Indiana,Kosciusko,64.45454545454545
18087,Indiana,LaGrange,42.27272727272727
18089,Indiana,Lake,53.36363636363637
18091,Indiana,LaPorte,47.81818181818182
18093,Indiana,Lawrence,47.81818181818182
18095,Indiana,Madison,47.81818181818182
18097,Indiana,Marion,53.36363636363637
18099,Indiana,Marshall,47.81818181818182
18101,Indiana,Martin,47.81818181818182
18103,Indiana,Miami,42.27272727272727
18105,Indiana,Monroe,53.36363636363637
18107,Indiana,Montgomery,53.36363636363637
18109,Indiana,Morgan,64.45454545454545
18111,Indiana,Newton,47.81818181818182
18113,Indiana,Noble,53.36363636363637
18115,Indiana,Ohio,14.545454545454547
18117,Indiana,Orange,25.636363636363637
18119,Indiana,Owen,47.81818181818182
18121,Indiana,Parke,25.636363636363637
18123,Indiana,Perry,25.636363636363637
18125,Indiana,Pike,53.36363636363637
18127,Indiana,Porter,64.45454545454545
18129,Indiana,Posey,42.27272727272727
18131,Indiana,Pulaski,47.81818181818182
18133,Indiana,Putnam,47.81818181818182
18135,Indiana,Randolph,25.636363636363637
18137,Indiana,Ripley,53.36363636363637
18139,Indiana,Rush,47.81818181818182
18141,Indiana,St. Joseph,53.36363636363637
18143,Indiana,Scott,47.81818181818182
18145,Indiana,Shelby,64.45454545454545
18147,Indiana,Spencer,31.181818181818183
18149,Indiana,Starke,25.636363636363637
18151,Indiana,Steuben,42.27272727272727
18153,Indiana,Sullivan,25.636363636363637
18155,Indiana,Switzerland,14.545454545454547
18157,Indiana,Tippecanoe,53.36363636363637
18159,Indiana,Tipton,64.45454545454545
18161,Indiana,Union,31.181818181818183
18163,Indiana,Vanderburgh,42.27272727272727
18165,Indiana,Vermillion,25.636363636363637
18167,Indiana,Vigo,25.636363636363637
18169,Indiana,Wabash,47.81818181818182
18171,Indiana,Warren,64.45454545454545
18173,Indiana,Warrick,58.909090909090914
18175,Indiana,Washington,47.81818181818182
18177,Indiana,Wayne,25.636363636363637
18179,Indiana,Wells,47.81818181818182
18181,Indiana,White,53.36363636363637
18183,Indiana,Whitley,53.36363636363637
19001,Iowa,Adair,64.45454545454545
19003,Iowa,Adams,53.36363636363637
19005,Iowa,Allamakee,53.36363636363637
19007,Iowa,Appanoose,42.27272727272727
19009,Iowa,Audubon,58.909090909090914
19011,Iowa,Benton,70.0
19013,Iowa,Black Hawk,64.45454545454545
19015,Iowa,Boone,58.909090909090914
19017,Iowa,Bremer,58.909090909090914
19019,Iowa,Buchanan,58.909090909090914
19021,Iowa,Buena Vista,64.45454545454545
19023,Iowa,Butler,58.909090909090914
19025,Iowa,Calhoun,64.45454545454545
19027,Iowa,Carroll,58.909090909090914
19029,Iowa,Cass,64.45454545454545
19031,Iowa,Cedar,58.909090909090914
19033,Iowa,Cerro Gordo,58.909090909090914
19035,Iowa,Cherokee,58.909090909090914
19037,Iowa,Chickasaw,64.45454545454545
19039,Iowa,Clarke,47.81818181818182
19041,Iowa,Clay,64.45454545454545
19043,Iowa,Clayton,53.36363636363637
19045,Iowa,Clinton,53.36363636363637
19047,Iowa,Crawford,64.45454545454545
19049,Iowa,Dallas,70.0
19051,Iowa,Davis,42.27272727272727
19053,Iowa,Decatur,25.636363636363637
19055,Iowa,Delaware,58.909090909090914
19057,Iowa,Des Moines,47.81818181818182
19059,Iowa,Dickinson,70.0
19061,Iowa,Dubuque,64.45454545454545
19063,Iowa,Emmet,58.909090909090914
19065,Iowa,Fayette,64.45454545454545
19067,Iowa,Floyd,64.45454545454545
19069,Iowa,Franklin,53.36363636363637
19071,Iowa,Fremont,53.36363636363637
19073,Iowa,Greene,58.909090909090914
19075,Iowa,Grundy,70.0
19077,Iowa,Guthrie,58.909090909090914
19079,Iowa,Hamilton,64.45454545454545
19081,Iowa,Hancock,58.909090909090914
19083,Iowa,Hardin,58.909090909090914
19085,Iowa,Harrison,64.45454545454545
19087,Iowa,Henry,53.36363636363637
19089,Iowa,Howard,64.45454545454545
19091,Iowa,Humboldt,64.45454545454545
19093,Iowa,Ida,58.909090909090914
19095,Iowa,Iowa,58.909090909090914
19097,Iowa,Jackson,53.36363636363637
19099,Iowa,Jasper,64.45454545454545
19101,Iowa,Jefferson,53.36363636363637
19103,Iowa,Johnson,58.909090909090914
19105,Iowa,Jones,58.909090909090914
19107,Iowa,Keokuk,53.36363636363637
19109,Iowa,Kossuth,58.909090909090914
19111,Iowa,Lee,36.72727272727273
19113,Iowa,Linn,70.0
19115,Iowa,Louisa,47.81818181818182
19117,Iowa,Lucas,53.36363636363637
19119,Iowa,Lyon,64.45454545454545
19121,Iowa,Madison,58.909090909090914
19123,Iowa,Mahaska,53.36363636363637
19125,Iowa,Marion,64.45454545454545
19127,Iowa,Marshall,53.36363636363637
19129,Iowa,Mills,58.909090909090914
19131,Iowa,Mitchell,64.45454545454545
19133,Iowa,Monona,64.45454545454545
19135,Iowa,Monroe,53.36363636363637
19137,Iowa,Montgomery,53.36363636363637
19139,Iowa,Muscatine,47.81818181818182
19141,Iowa,O'Brien,70.0
19143,Iowa,Osceola,64.45454545454545
19145,Iowa,Page,47.81818181818182
19147,Iowa,Palo Alto,64.45454545454545
19149,Iowa,Plymouth,58.909090909090914
19151,Iowa,Pocahontas,64.45454545454545
19153,Iowa,Polk,70.0
19155,Iowa,Pottawattamie,58.909090909090914
19157,Iowa,Poweshiek,64.45454545454545
19159,Iowa,Ringgold,47.81818181818182
19161,Iowa,Sac,58.909090909090914
19163,Iowa,Scott,53.36363636363637
19165,Iowa,Shelby,58.909090909090914
19167,Iowa,Sioux,64.45454545454545
19169,Iowa,Story,64.45454545454545
19171,Iowa,Tama,64.45454545454545
19173,Iowa,Taylor,47.81818181818182
19175,Iowa,Union,53.36363636363637
19177,Iowa,Van Buren,42.27272727272727
19179,Iowa,Wapello,47.81818181818182
19181,Iowa,Warren,58.909090909090914
19183,Iowa,Washington,64.45454545454545
19185,Iowa,Wayne,25.636363636363637
19187,Iowa,Webster,53.36363636363637
19189,Iowa,Winnebago,53.36363636363637
19191,Iowa,Winneshiek,64.45454545454545
19193,Iowa,Woodbury,53.36363636363637
19195,Iowa,Worth,53.36363636363637
19197,Iowa,Wright,64.45454545454545
20001,Kansas,Allen,25.636363636363637
20003,Kansas,Anderson,25.636363636363637
20005,Kansas,Atchison,47.81818181818182
20007,Kansas,Barber,64.45454545454545
20009,Kansas,Barton,53.36363636363637
20011,Kansas,Bourbon,25.636363636363637
20013,Kansas,Brown,47.81818181818182
20015,Kansas,Butler,64.45454545454545
20017,Kansas,Chase,53.36363636363637
20019,Kansas,Chautauqua,25.636363636363637
20021,Kansas,Cherokee,14.545454545454547
20023,Kansas,Cheyenne,64.45454545454545
20025,Kansas,Clark,53.36363636363637
20027,Kansas,Clay,64.45454545454545
20029,Kansas,Cloud,64.45454545454545
20031,Kansas,Coffey,58.909090909090914
20033,Kansas,Comanche,53.36363636363637
20035,Kansas,Cowley,36.72727272727273
20037,Kansas,Crawford,25.636363636363637
20039,Kansas,Decatur,58.909090909090914
20041,Kansas,Dickinson,47.81818181818182
20043,Kansas,Doniphan,36.72727272727273
20045,Kansas,Douglas,64.45454545454545
20047,Kansas,Edwards,64.45454545454545
20049,Kansas,Elk,25.636363636363637
20051,Kansas,Ellis,58.909090909090914
20053,Kansas,Ellsworth,47.81818181818182
20055,Kansas,Finney,47.81818181818182
20057,Kansas,Ford,47.81818181818182
20059,Kansas,Franklin,53.36363636363637
20061,Kansas,Geary,42.27272727272727
20063,Kansas,Gove,58.909090909090914
20065,Kansas,Graham,64.45454545454545
20067,Kansas,Grant,53.36363636363637
20069,Kansas,Gray,64.45454545454545
20071,Kansas,Greeley,53.36363636363637
20073,Kansas,Greenwood,53.36363636363637
20075,Kansas,Hamilton,25.636363636363637
20077,Kansas,Harper,47.81818181818182
20079,Kansas,Harvey,53.36363636363637
20081,Kansas,Haskell,47.81818181818182
20083,Kansas,Hodgeman,64.45454545454545
20085,Kansas,Jackson,53.36363636363637
20087,Kansas,Jefferson,64.45454545454545
20089,Kansas,Jewell,53.36363636363637
20091,Kansas,Johnson,58.909090909090914
20093,Kansas,Kearny,53.36363636363637
20095,Kansas,Kingman,58.909090909090914
20097,Kansas,Kiowa,53.36363636363637
20099,Kansas,Labette,25.636363636363637
20101,Kansas,Lane,58.909090909090914
20103,Kansas,Leavenworth,64.45454545454545
20105,Kansas,Lincoln,53.36363636363637
20107,Kansas,Linn,42.27272727272727
20109,Kansas,Logan,58.909090909090914
20111,Kansas,Lyon,53.36363636363637
20113,Kansas,McPherson,58.909090909090914
20115,Kansas,Marion,64.45454545454545
20117,Kansas,Marshall,64.45454545454545
20119,Kansas,Meade,47.81818181818182
20121,Kansas,Miami,64.45454545454545
20123,Kansas,Mitchell,53.36363636363637
20125,Kansas,Montgomery,25.636363636363637
20127,Kansas,Morris,53.36363636363637
20129,Kansas,Morton,25.636363636363637
20131,Kansas,Nemaha,64.45454545454545
20133,Kansas,Neosho,42.27272727272727
20135,Kansas,Ness,58.909090909090914
20137,Kansas,Norton,47.81818181818182
20139,Kansas,Osage,64.45454545454545
20141,Kansas,Osborne,64.45454545454545
20143,Kansas,Ottawa,64.45454545454545
20145,Kansas,Pawnee,53.36363636363637
20147,Kansas,Phillips,53.36363636363637
20149,Kansas,Pottawatomie,64.45454545454545
20151,Kansas,Pratt,64.45454545454545
20153,Kansas,Rawlins,64.45454545454545
20155,Kansas,Reno,64.45454545454545
20157,Kansas,Republic,64.45454545454545
20159,Kansas,Rice,47.81818181818182
20161,Kansas,Riley,53.36363636363637
20163,Kansas,Rooks,53.36363636363637
20165,Kansas,Rush,53.36363636363637
20167,Kansas,Russell,53.36363636363637
20169,Kansas,Saline,64.45454545454545
20171,Kansas,Scott,58.909090909090914
20173,Kansas,Sedgwick,64.45454545454545
20175,Kansas,Seward,25.636363636363637
20177,Kansas,Shawnee,64.45454545454545
20179,Kansas,Sheridan,58.909090909090914
20181,Kansas,Sherman,64.45454545454545
20183,Kansas,Smith,58.909090909090914
20185,Kansas,Stafford,53.36363636363637
20187,Kansas,Stanton,25.636363636363637
20189,Kansas,Stevens,42.27272727272727
20191,Kansas,Sumner,47.81818181818182
20193,Kansas,Thomas,64.45454545454545
20195,Kansas,Trego,70.0
20197,Kansas,Wabaunsee,53.36363636363637
20199,Kansas,Wallace,58.909090909090914
20201,Kansas,Washington,64.45454545454545
20203,Kansas,Wichita,64.45454545454545
20205,Kansas,Wilson,47.81818181818182
20207,Kansas,Woodson,25.636363636363637
20209,Kansas,Wyandotte,36.72727272727273
21001,Kentucky,Adair,14.545454545454547
21003,Kentucky,Allen,14.545454545454547
21005,Kentucky,Anderson,42.27272727272727
21007,Kentucky,Ballard,42.27272727272727
21009,Kentucky,Barren,25.636363636363637
21011,Kentucky,Bath,25.636363636363637
21013,Kentucky,Bell,20.090909090909093
21015,Kentucky,Boone,64.45454545454545
21017,Kentucky,Bourbon,47.81818181818182
21019,Kentucky,Boyd,14.545454545454547
21021,Kentucky,Boyle,25.636363636363637
21023,Kentucky,Bracken,25.636363636363637
21025,Kentucky,Breathitt,14.545454545454547
21027,Kentucky,Breckinridge,25.636363636363637
21029,Kentucky,Bullitt,64.45454545454545
21031,Kentucky,Butler,36.72727272727273
21033,Kentucky,Caldwell,47.81818181818182
21035,Kentucky,Calloway,14.545454545454547
21037,Kentucky,Campbell,31.181818181818183
21039,Kentucky,Carlisle,25.636363636363637
21041,Kentucky,Carroll,25.636363636363637
21043,Kentucky,Carter,14.545454545454547
21045,Kentucky,Casey,25.636363636363637
21047,Kentucky,Christian,25.636363636363637
21049,Kentucky,Clark,47.81818181818182
21051,Kentucky,Clay,14.545454545454547
21053,Kentucky,Clinton,14.545454545454547
21055,Kentucky,Crittenden,47.81818181818182
21057,Kentucky,Cumberland,14.545454545454547
21059,Kentucky,Daviess,47.81818181818182
21061,Kentucky,Edmonson,25.636363636363637
21063,Kentucky,Elliott,14.545454545454547
21065,Kentucky,Estill,14.545454545454547
21067,Kentucky,Fayette,64.45454545454545
21069,Kentucky,Fleming,25.636363636363637
21071,Kentucky,Floyd,25.636363636363637
21073,Kentucky,Franklin,53.36363636363637
21075,Kentucky,Fulton,20.090909090909093
21077,Kentucky,Gallatin,25.636363636363637
21079,Kentucky,Garrard,42.27272727272727
21081,Kentucky,Grant,25.636363636363637
21083,Kentucky,Graves,25.636363636363637
21085,Kentucky,Grayson,25.636363636363637
21087,Kentucky,Green,25.636363636363637
21089,Kentucky,Greenup,36.72727272727273
21091,Kentucky,Hancock,25.636363636363637
21093,Kentucky,Hardin,53.36363636363637
21095,Kentucky,Harlan,20.090909090909093
21097,Kentucky,Harrison,42.27272727272727
21099,Kentucky,Hart,25.636363636363637
21101,Kentucky,Henderson,42.27272727272727
21103,Kentucky,Henry,47.81818181818182
21105,Kentucky,Hickman,14.545454545454547
21107,Kentucky,Hopkins,25.636363636363637
21109,Kentucky,Jackson,14.545454545454547
21111,Kentucky,Jefferson,64.45454545454545
21113,Kentucky,Jessamine,47.81818181818182
21115,Kentucky,Johnson,14.545454545454547
21117,Kentucky,Kenton,53.36363636363637
21119,Kentucky,Knott,14.545454545454547
21121,Kentucky,Knox,14.545454545454547
21123,Kentucky,Larue,25.636363636363637
21125,Kentucky,Laurel,25.636363636363637
21127,Kentucky,Lawrence,14.545454545454547
21129,Kentucky,Lee,14.545454545454547
21131,Kentucky,Leslie,14.545454545454547
21133,Kentucky,Letcher,14.545454545454547
21135,Kentucky,Lewis,25.636363636363637
21137,Kentucky,Lincoln,25.636363636363637
21139,Kentucky,Livingston,47.81818181818182
21141,Kentucky,Logan,25.636363636363637
21143,Kentucky,Lyon,53.36363636363637
21145,Kentucky,McCracken,53.36363636363637
21147,Kentucky,McCreary,20.090909090909093
21149,Kentucky,McLean,25.636363636363637
21151,Kentucky,Madison,25.636363636363637
21153,Kentucky,Magoffin,14.545454545454547
21155,Kentucky,Marion,25.636363636363637
21157,Kentucky,Marshall,47.81818181818182
21159,Kentucky,Martin,20.090909090909093
21161,Kentucky,Mason,42.27272727272727
21163,Kentucky,Meade,42.27272727272727
21165,Kentucky,Menifee,14.545454545454547
21167,Kentucky,Mercer,47.81818181818182
21169,Kentucky,Metcalfe,14.545454545454547
21171,Kentucky,Monroe,14.545454545454547
21173,Kentucky,Montgomery,25.636363636363637
21175,Kentucky,Morgan,14.545454545454547
21177,Kentucky,Muhlenberg,25.636363636363637
21179,Kentucky,Nelson,47.81818181818182
21181,Kentucky,Nicholas,25.636363636363637
21183,Kentucky,Ohio,25.636363636363637
21185,Kentucky,Oldham,58.909090909090914
21187,Kentucky,Owen,47.81818181818182
21189,Kentucky,Owsley,14.545454545454547
21191,Kentucky,Pendleton,25.636363636363637
21193,Kentucky,Perry,25.636363636363637
21195,Kentucky,Pike,14.545454545454547
21197,Kentucky,Powell,14.545454545454547
21199,Kentucky,Pulaski,25.636363636363637
21201,Kentucky,Robertson,25.636363636363637
21203,Kentucky,Rockcastle,25.636363636363637
21205,Kentucky,Rowan,14.545454545454547
21207,Kentucky,Russell,14.545454545454547
21209,Kentucky,Scott,64.45454545454545
21211,Kentucky,Shelby,64.45454545454545
21213,Kentucky,Simpson,31.181818181818183
21215,Kentucky,Spencer,64.45454545454545
21217,Kentucky,Taylor,25.636363636363637
21219,Kentucky,Todd,14.545454545454547
21221,Kentucky,Trigg,42.27272727272727
21223,Kentucky,Trimble,42.27272727272727
21225,Kentucky,Union,25.636363636363637
21227,Kentucky,Warren,53.36363636363637
21229,Kentucky,Washington,36.72727272727273
21231,Kentucky,Wayne,14.545454545454547
21233,Kentucky,Webster,25.636363636363637
21235,Kentucky,Whitley,14.545454545454547
21237,Kentucky,Wolfe,20.090909090909093
21239,Kentucky,Woodford,53.36363636363637
22001,Louisiana,Acadia,42.27272727272727
22003,Louisiana,Allen,25.636363636363637
22005,Louisiana,Ascension,64.45454545454545
22007,Louisiana,Assumption,47.81818181818182
22009,Louisiana,Avoyelles,25.636363636363637
22011,Louisiana,Beauregard,47.81818181818182
22013,Louisiana,Bienville,25.636363636363637
22015,Louisiana,Bossier,53.36363636363637
22017,Louisiana,Caddo,53.36363636363637
22019,Louisiana,Calcasieu,64.45454545454545
22021,Louisiana,Caldwell,25.636363636363637
22023,Louisiana,Cameron,58.909090909090914
22025,Louisiana,Catahoula,25.636363636363637
22027,Louisiana,Claiborne,14.545454545454547
22029,Louisiana,Concordia,14.545454545454547
22031,Louisiana,De Soto,47.81818181818182
22033,Louisiana,East Baton Rouge,64.45454545454545
22035,Louisiana,East Carroll,20.090909090909093
22037,Louisiana,East Feliciana,42.27272727272727
22039,Louisiana,Evangeline,25.636363636363637
22041,Louisiana,Franklin,14.545454545454547
22043,Louisiana,Grant,25.636363636363637
22045,Louisiana,Iberia,25.636363636363637
22047,Louisiana,Iberville,47.81818181818182
22049,Louisiana,Jackson,25.636363636363637
22051,Louisiana,Jefferson,53.36363636363637
22053,Louisiana,Jefferson Davis,42.27272727272727
22055,Louisiana,Lafayette,47.81818181818182
22057,Louisiana,Lafourche,53.36363636363637
22059,Louisiana,LaSalle,25.636363636363637
22061,Louisiana,Lincoln,25.636363636363637
22063,Louisiana,Livingston,64.45454545454545
22065,Louisiana,Madison,14.545454545454547
22067,Louisiana,Morehouse,25.636363636363637
22069,Louisiana,Natchitoches,25.636363636363637
22071,Louisiana,Orleans,47.81818181818182
22073,Louisiana,Ouachita,25.636363636363637
22075,Louisiana,Plaquemines,64.45454545454545
22077,Louisiana,Pointe Coupee,53.36363636363637
22079,Louisiana,Rapides,42.27272727272727
22081,Louisiana,Red River,42.27272727272727
22083,Louisiana,Richland,25.636363636363637
22085,Louisiana,Sabine,25.636363636363637
22087,Louisiana,St. Bernard,14.545454545454547
22089,Louisiana,St. Charles,58.909090909090914
22091,Louisiana,St. Helena,36.72727272727273
22093,Louisiana,St. James,47.81818181818182
22095,Louisiana,St. John the Baptist,53.36363636363637
22097,Louisiana,St. Landry,25.636363636363637
22099,Louisiana,St. Martin,42.27272727272727
22101,Louisiana,St. Mary,42.27272727272727
22103,Louisiana,St. Tammany,58.909090909090914
22105,Louisiana,Tangipahoa,53.36363636363637
22107,Louisiana,Tensas,20.090909090909093
22109,Louisiana,Terrebonne,47.81818181818182
22111,Louisiana,Union,25.636363636363637
22113,Louisiana,Vermilion,42.27272727272727
22115,Louisiana,Vernon,42.27272727272727
22117,Louisiana,Washington,25.636363636363637
22119,Louisiana,Webster,25.636363636363637
22121,Louisiana,West Baton Rouge,53.36363636363637
22123,Louisiana,West Carroll,14.545454545454547
22125,Louisiana,West Feliciana,42.27272727272727
22127,Louisiana,Winn,25.636363636363637
23001,Maine,Androscoggin,53.36363636363637
23003,Maine,Aroostook,53.36363636363637
23005,Maine,Cumberland,70.0
23007,Maine,Franklin,47.81818181818182
23009,Maine,Hancock,58.909090909090914
23011,Maine,Kennebec,64.45454545454545
23013,Maine,Knox,58.909090909090914
23015,Maine,Lincoln,64.45454545454545
23017,Maine,Oxford,47.81818181818182
23019,Maine,Penobscot,64.45454545454545
23021,Maine,Piscataquis,53.36363636363637
23023,Maine,Sagadahoc,64.45454545454545
23025,Maine,Somerset,47.81818181818182
23027,Maine,Waldo,64.45454545454545
23029,Maine,Washington,53.36363636363637
23031,Maine,York,70.0
24001,Maryland,Allegany,14.545454545454547
24003,Maryland,Anne Arundel,70.0
24005,Maryland,Baltimore,70.0
24009,Maryland,Calvert,58.909090909090914
24011,Maryland,Caroline,31.181818181818183
24013,Maryland,Carroll,70.0
24015,Maryland,Cecil,53.36363636363637
24017,Maryland,Charles,70.0
24019,Maryland,Dorchester,64.45454545454545
24021,Maryland,Frederick,70.0
24023,Maryland,Garrett,42.27272727272727
24025,Maryland,Harford,70.0
24027,Maryland,Howard,70.0
24029,Maryland,Kent,64.45454545454545
24031,Maryland,Montgomery,70.0
24033,Maryland,Prince George's,70.0
24035,Maryland,Queen Anne's,58.909090909090914
24037,Maryland,St. Mary's,70.0
24039,Maryland,Somerset,14.545454545454547
24041,Maryland,Talbot,70.0
24043,Maryland,Washington,53.36363636363637
24045,Maryland,Wicomico,53.36363636363637
24047,Maryland,Worcester,53.36363636363637
24510,Maryland,Baltimore,53.36363636363637
25001,Massachusetts,Barnstable,64.45454545454545
25003,Massachusetts,Berkshire,58.909090909090914
25005,Massachusetts,Bristol,58.909090909090914
25007,Massachusetts,Dukes,58.909090909090914
25009,Massachusetts,Essex,58.909090909090914
25011,Massachusetts,Franklin,70.0
25013,Massachusetts,Hampden,42.27272727272727
25015,Massachusetts,Hampshire,58.909090909090914
25017,Massachusetts,Middlesex,70.0
25019,Massachusetts,Nantucket,9.0
25021,Massachusetts,Norfolk,70.0
25023,Massachusetts,Plymouth,70.0
25025,Massachusetts,Suffolk,70.0
25027,Massachusetts,Worcester,70.0
26001,Michigan,Alcona,47.81818181818182
26003,Michigan,Alger,25.636363636363637
26005,Michigan,Allegan,64.45454545454545
26007,Michigan,Alpena,47.81818181818182
26009,Michigan,Antrim,64.45454545454545
26011,Michigan,Arenac,25.636363636363637
26013,Michigan,Baraga,25.636363636363637
26015,Michigan,Barry,64.45454545454545
26017,Michigan,Bay,47.81818181818182
26019,Michigan,Benzie,53.36363636363637
26021,Michigan,Berrien,47.81818181818182
26023,Michigan,Branch,25.636363636363637
26025,Michigan,Calhoun,53.36363636363637
26027,Michigan,Cass,47.81818181818182
26029,Michigan,Charlevoix,58.909090909090914
26031,Michigan,Cheboygan,53.36363636363637
26033,Michigan,Chippewa,25.636363636363637
26035,Michigan,Clare,25.636363636363637
26037,Michigan,Clinton,58.909090909090914
26039,Michigan,Crawford,25.636363636363637
26041,Michigan,Delta,53.36363636363637
26043,Michigan,Dickinson,53.36363636363637
26045,Michigan,Eaton,58.909090909090914
26047,Michigan,Emmet,58.909090909090914
26049,Michigan,Genesee,53.36363636363637
26051,Michigan,Gladwin,47.81818181818182
26053,Michigan,Gogebic,25.636363636363637
26055,Michigan,Grand Traverse,64.45454545454545
26057,Michigan,Gratiot,25.636363636363637
26059,Michigan,Hillsdale,42.27272727272727
26061,Michigan,Houghton,25.636363636363637
26063,Michigan,Huron,53.36363636363637
26065,Michigan,Ingham,64.45454545454545
26067,Michigan,Ionia,47.81818181818182
26069,Michigan,Iosco,47.81818181818182
26071,Michigan,Iron,42.27272727272727
26073,Michigan,Isabella,25.636363636363637
26075,Michigan,Jackson,53.36363636363637
26077,Michigan,Kalamazoo,64.45454545454545
26079,Michigan,Kalkaska,25.636363636363637
26081,Michigan,Kent,58.909090909090914
26083,Michigan,Keweenaw,47.81818181818182
26085,Michigan,Lake,25.636363636363637
26087,Michigan,Lapeer,64.45454545454545
26089,Michigan,Leelanau,53.36363636363637
26091,Michigan,Lenawee,47.81818181818182
26093,Michigan,Livingston,70.0
26095,Michigan,Luce,25.636363636363637
26097,Michigan,Mackinac,53.36363636363637
26099,Michigan,Macomb,64.45454545454545
26101,Michigan,Manistee,47.81818181818182
26103,Michigan,Marquette,53.36363636363637
26105,Michigan,Mason,53.36363636363637
26107,Michigan,Mecosta,25.636363636363637
26109,Michigan,Menominee,47.81818181818182
26111,Michigan,Midland,58.909090909090914
26113,Michigan,Missaukee,25.636363636363637
26115,Michigan,Monroe,53.36363636363637
26117,Michigan,Montcalm,25.636363636363637
26119,Michigan,Montmorency,42.27272727272727
26121,Michigan,Muskegon,47.81818181818182
26123,Michigan,Newaygo,47.81818181818182
26125,Michigan,Oakland,70.0
26127,Michigan,Oceana,25.636363636363637
26129,Michigan,Ogemaw,25.636363636363637
26131,Michigan,Ontonagon,47.81818181818182
26133,Michigan,Osceola,25.636363636363637
26135,Michigan,Oscoda,25.636363636363637
26137,Michigan,Otsego,53.36363636363637
26139,Michigan,Ottawa,58.909090909090914
26141,Michigan,Presque Isle,47.81818181818182
26143,Michigan,Roscommon,25.636363636363637
26145,Michigan,Saginaw,53.36363636363637
26147,Michigan,St. Clair,64.45454545454545
26149,Michigan,St. Joseph,25.636363636363637
26151,Michigan,Sanilac,47.81818181818182
26153,Michigan,Schoolcraft,25.636363636363637
26155,Michigan,Shiawassee,53.36363636363637
26157,Michigan,Tuscola,47.81818181818182
26159,Michigan,Van Buren,53.36363636363637
26161,Michigan,Washtenaw,70.0
26163,Michigan,Wayne,47.81818181818182
26165,Michigan,Wexford,25.636363636363637
27001,Minnesota,Aitkin,64.45454545454545
27003,Minnesota,Anoka,70.0
27005,Minnesota,Becker,58.909090909090914
27007,Minnesota,Beltrami,47.81818181818182
27009,Minnesota,Benton,53.36363636363637
27011,Minnesota,Big Stone,64.45454545454545
27013,Minnesota,Blue Earth,64.45454545454545
27015,Minnesota,Brown,64.45454545454545
27017,Minnesota,Carlton,53.36363636363637
27019,Minnesota,Carver,70.0
27021,Minnesota,Cass,58.909090909090914
27023,Minnesota,Chippewa,64.45454545454545
27025,Minnesota,Chisago,53.36363636363637
27027,Minnesota,Clay,64.45454545454545
27029,Minnesota,Clearwater,53.36363636363637
27031,Minnesota,Cook,70.0
27033,Minnesota,Cottonwood,64.45454545454545
27035,Minnesota,Crow Wing,58.909090909090914
27037,Minnesota,Dakota,70.0
27039,Minnesota,Dodge,58.909090909090914
27041,Minnesota,Douglas,70.0
27043,Minnesota,Faribault,64.45454545454545
27045,Minnesota,Fillmore,53.36363636363637
27047,Minnesota,Freeborn,47.81818181818182
27049,Minnesota,Goodhue,58.909090909090914
27051,Minnesota,Grant,58.909090909090914
27053,Minnesota,Hennepin,70.0
27055,Minnesota,Houston,47.81818181818182
27057,Minnesota,Hubbard,58.909090909090914
27059,Minnesota,Isanti,58.909090909090914
27061,Minnesota,Itasca,58.909090909090914
27063,Minnesota,Jackson,64.45454545454545
27065,Minnesota,Kanabec,53.36363636363637
27067,Minnesota,Kandiyohi,58.909090909090914
27069,Minnesota,Kittson,58.909090909090914
27071,Minnesota,Koochiching,58.909090909090914
27073,Minnesota,Lac qui Parle,58.909090909090914
27075,Minnesota,Lake,70.0
27077,Minnesota,Lake of the Woods,53.36363636363637
27079,Minnesota,Le Sueur,58.909090909090914
27081,Minnesota,Lincoln,64.45454545454545
27083,Minnesota,Lyon,58.909090909090914
27085,Minnesota,McLeod,58.909090909090914
27087,Minnesota,Mahnomen,25.636363636363637
27089,Minnesota,Marshall,58.909090909090914
27091,Minnesota,Martin,64.45454545454545
27093,Minnesota,Meeker,58.909090909090914
27095,Minnesota,Mille Lacs,53.36363636363637
27097,Minnesota,Morrison,58.909090909090914
27099,Minnesota,Mower,53.36363636363637
27101,Minnesota,Murray,58.909090909090914
27103,Minnesota,Nicollet,58.909090909090914
27105,Minnesota,Nobles,47.81818181818182
27107,Minnesota,Norman,64.45454545454545
27109,Minnesota,Olmsted,70.0
27111,Minnesota,Otter Tail,70.0
27113,Minnesota,Pennington,64.45454545454545
27115,Minnesota,Pine,42.27272727272727
27117,Minnesota,Pipestone,64.45454545454545
27119,Minnesota,Polk,64.45454545454545
27121,Minnesota,Pope,70.0
27123,Minnesota,Ramsey,58.909090909090914
27125,Minnesota,Red Lake,53.36363636363637
27127,Minnesota,Redwood,64.45454545454545
27129,Minnesota,Renville,58.909090909090914
27131,Minnesota,Rice,64.45454545454545
27133,Minnesota,Rock,53.36363636363637
27135,Minnesota,Roseau,58.909090909090914
27137,Minnesota,St. Louis,70.0
27139,Minnesota,Scott,58.909090909090914
27141,Minnesota,Sherburne,58.909090909090914
27143,Minnesota,Sibley,58.909090909090914
27145,Minnesota,Stearns,58.909090909090914
27147,Minnesota,Steele,58.909090909090914
27149,Minnesota,Stevens,58.909090909090914
27151,Minnesota,Swift,58.909090909090914
27153,Minnesota,Todd,53.36363636363637
27155,Minnesota,Traverse,64.45454545454545
27157,Minnesota,Wabasha,58.909090909090914
27159,Minnesota,Wadena,47.81818181818182
27161,Minnesota,Waseca,64.45454545454545
27163,Minnesota,Washington,64.45454545454545
27165,Minnesota,Watonwan,64.45454545454545
27167,Minnesota,Wilkin,64.45454545454545
27169,Minnesota,Winona,53.36363636363637
27171,Minnesota,Wright,70.0
27173,Minnesota,Yellow Medicine,64.45454545454545
28001,Mississippi,Adams,14.545454545454547
28003,Mississippi,Alcorn,25.636363636363637
28005,Mississippi,Amite,14.545454545454547
28007,Mississippi,Attala,25.636363636363637
28009,Mississippi,Benton,25.636363636363637
28011,Mississippi,Bolivar,14.545454545454547
28013,Mississippi,Calhoun,25.636363636363637
28015,Mississippi,Carroll,25.636363636363637
28017,Mississippi,Chickasaw,25.636363636363637
28019,Mississippi,Choctaw,25.636363636363637
28021,Mississippi,Claiborne,14.545454545454547
28023,Mississippi,Clarke,25.636363636363637
28025,Mississippi,Clay,25.636363636363637
28027,Mississippi,Coahoma,14.545454545454547
28029,Mississippi,Copiah,25.636363636363637
28031,Mississippi,Covington,25.636363636363637
28033,Mississippi,DeSoto,53.36363636363637
28035,Mississippi,Forrest,25.636363636363637
28037,Mississippi,Franklin,47.81818181818182
28039,Mississippi,George,25.636363636363637
28041,Mississippi,Greene,14.545454545454547
28043,Mississippi,Grenada,25.636363636363637
28045,Mississippi,Hancock,36.72727272727273
28047,Mississippi,Harrison,42.27272727272727
28049,Mississippi,Hinds,47.81818181818182
28051,Mississippi,Holmes,14.545454545454547
28053,Mississippi,Humphreys,14.545454545454547
28055,Mississippi,Issaquena,14.545454545454547
28057,Mississippi,Itawamba,25.636363636363637
28059,Mississippi,Jackson,42.27272727272727
28061,Mississippi,Jasper,25.636363636363637
28063,Mississippi,Jefferson,14.545454545454547
28065,Mississippi,Jefferson Davis,14.545454545454547
28067,Mississippi,Jones,25.636363636363637
28069,Mississippi,Kemper,14.545454545454547
28071,Mississippi,Lafayette,47.81818181818182
28073,Mississippi,Lamar,64.45454545454545
28075,Mississippi,Lauderdale,25.636363636363637
28077,Mississippi,Lawrence,25.636363636363637
28079,Mississippi,Leake,25.636363636363637
28081,Mississippi,Lee,42.27272727272727
28083,Mississippi,Leflore,14.545454545454547
28085,Mississippi,Lincoln,25.636363636363637
28087,Mississippi,Lowndes,25.636363636363637
28089,Mississippi,Madison,58.909090909090914
28091,Mississippi,Marion,25.636363636363637
28093,Mississippi,Marshall,25.636363636363637
28095,Mississippi,Monroe,25.636363636363637
28097,Mississippi,Montgomery,25.636363636363637
28099,Mississippi,Neshoba,25.636363636363637
28101,Mississippi,Newton,25.636363636363637
28103,Mississippi,Noxubee,14.545454545454547
28105,Mississippi,Oktibbeha,25.636363636363637
28107,Mississippi,Panola,25.636363636363637
28109,Mississippi,Pearl River,25.636363636363637
28111,Mississippi,Perry,25.636363636363637
28113,Mississippi,Pike,14.545454545454547
28115,Mississippi,Pontotoc,25.636363636363637
28117,Mississippi,Prentiss,25.636363636363637
28119,Mississippi,Quitman,14.545454545454547
28121,Mississippi,Rankin,53.36363636363637
28123,Mississippi,Scott,25.636363636363637
28125,Mississippi,Sharkey,14.545454545454547
28127,Mississippi,Simpson,25.636363636363637
28129,Mississippi,Smith,25.636363636363637
28131,Mississippi,Stone,25.636363636363637
28133,Mississippi,Sunflower,14.545454545454547
28135,Mississippi,Tallahatchie,14.545454545454547
28137,Mississippi,Tate,25.636363636363637
28139,Mississippi,Tippah,25.636363636363637
28141,Mississippi,Tishomingo,14.545454545454547
28143,Mississippi,Tunica,14.545454545454547
28145,Mississippi,Union,25.636363636363637
28147,Mississippi,Walthall,14.545454545454547
28149,Mississippi,Warren,25.636363636363637
28151,Mississippi,Washington,14.545454545454547
28153,Mississippi,Wayne,25.636363636363637
28155,Mississippi,Webster,25.636363636363637
28157,Mississippi,Wilkinson,14.545454545454547
28159,Mississippi,Winston,25.636363636363637
28161,Mississippi,Yalobusha,25.636363636363637
28163,Mississippi,Yazoo,25.636363636363637
29001,Missouri,Adair,25.636363636363637
29003,Missouri,Andrew,53.36363636363637
29005,Missouri,Atchison,53.36363636363637
29007,Missouri,Audrain,25.636363636363637
29009,Missouri,Barry,25.636363636363637
29011,Missouri,Barton,47.81818181818182
29013,Missouri,Bates,53.36363636363637
29015,Missouri,Benton,25.636363636363637
29017,Missouri,Bollinger,25.636363636363637
29019,Missouri,Boone,64.45454545454545
29021,Missouri,Buchanan,53.36363636363637
29023,Missouri,Butler,25.636363636363637
29025,Missouri,Caldwell,47.81818181818182
29027,Missouri,Callaway,47.81818181818182
29029,Missouri,Camden,47.81818181818182
29031,Missouri,Cape Girardeau,42.27272727272727
29033,Missouri,Carroll,47.81818181818182
29035,Missouri,Carter,25.636363636363637
29037,Missouri,Cass,58.909090909090914
29039,Missouri,Cedar,25.636363636363637
29041,Missouri,Chariton,42.27272727272727
29043,Missouri,Christian,47.81818181818182
29045,Missouri,Clark,47.81818181818182
29047,Missouri,Clay,58.909090909090914
29049,Missouri,Clinton,64.45454545454545
29051,Missouri,Cole,53.36363636363637
29053,Missouri,Cooper,25.636363636363637
29055,Missouri,Crawford,25.636363636363637
29057,Missouri,Dade,25.636363636363637
29059,Missouri,Dallas,25.636363636363637
29061,Missouri,Daviess,42.27272727272727
29063,Missouri,DeKalb,25.636363636363637
29065,Missouri,Dent,25.636363636363637
29067,Missouri,Douglas,14.545454545454547
29069,Missouri,Dunklin,14.545454545454547
29071,Missouri,Franklin,64.45454545454545
29073,Missouri,Gasconade,53.36363636363637
29075,Missouri,Gentry,25.636363636363637
29077,Missouri,Greene,53.36363636363637
29079,Missouri,Grundy,25.636363636363637
29081,Missouri,Harrison,25.636363636363637
29083,Missouri,Henry,47.81818181818182
29085,Missouri,Hickory,25.636363636363637
29087,Missouri,Holt,36.72727272727273
29089,Missouri,Howard,47.81818181818182
29091,Missouri,Howell,25.636363636363637
29093,Missouri,Iron,25.636363636363637
29095,Missouri,Jackson,64.45454545454545
29097,Missouri,Jasper,47.81818181818182
29099,Missouri,Jefferson,53.36363636363637
29101,Missouri,Johnson,47.81818181818182
29103,Missouri,Knox,25.636363636363637
29105,Missouri,Laclede,25.636363636363637
29107,Missouri,Lafayette,53.36363636363637
29109,Missouri,Lawrence,25.636363636363637
29111,Missouri,Lewis,25.636363636363637
29113,Missouri,Lincoln,47.81818181818182
29115,Missouri,Linn,25.636363636363637
29117,Missouri,Livingston,25.636363636363637
29119,Missouri,McDonald,14.545454545454547
29121,Missouri,Macon,25.636363636363637
29123,Missouri,Madison,25.636363636363637
29125,Missouri,Maries,25.636363636363637
29127,Missouri,Marion,25.636363636363637
29129,Missouri,Mercer,25.636363636363637
29131,Missouri,Miller,42.27272727272727
29133,Missouri,Mississippi,14.545454545454547
29135,Missouri,Moniteau,36.72727272727273
29137,Missouri,Monroe,25.636363636363637
29139,Missouri,Montgomery,42.27272727272727
29141,Missouri,Morgan,25.636363636363637
29143,Missouri,New Madrid,14.545454545454547
29145,Missouri,Newton,47.81818181818182
29147,Missouri,Nodaway,25.636363636363637
29149,Missouri,Oregon,14.545454545454547
29151,Missouri,Osage,47.81818181818182
29153,Missouri,Ozark,14.545454545454547
29155,Missouri,Pemiscot,14.545454545454547
29157,Missouri,Perry,36.72727272727273
29159,Missouri,Pettis,25.636363636363637
29161,Missouri,Phelps,25.636363636363637
29163,Missouri,Pike,25.636363636363637
29165,Missouri,Platte,64.45454545454545
29167,Missouri,Polk,25.636363636363637
29169,Missouri,Pulaski,25.636363636363637
29171,Missouri,Putnam,25.636363636363637
29173,Missouri,Ralls,42.27272727272727
29175,Missouri,Randolph,25.636363636363637
29177,Missouri,Ray,64.45454545454545
29179,Missouri,Reynolds,25.636363636363637
29181,Missouri,Ripley,14.545454545454547
29183,Missouri,St. Charles,58.909090909090914
29185,Missouri,St. Clair,25.636363636363637
29186,Missouri,Ste. Genevieve,47.81818181818182
29187,Missouri,St. Francois,25.636363636363637
29189,Missouri,St. Louis,64.45454545454545
29195,Missouri,Saline,25.636363636363637
29197,Missouri,Schuyler,25.636363636363637
29199,Missouri,Scotland,42.27272727272727
29201,Missouri,Scott,25.636363636363637
29203,Missouri,Shannon,25.636363636363637
29205,Missouri,Shelby,25.636363636363637
29207,Missouri,Stoddard,25.636363636363637
29209,Missouri,Stone,42.27272727272727
29211,Missouri,Sullivan,25.636363636363637
29213,Missouri,Taney,25.636363636363637
29215,Missouri,Texas,14.545454545454547
29217,Missouri,Vernon,42.27272727272727
29219,Missouri,Warren,53.36363636363637
29221,Missouri,Washington,25.636363636363637
29223,Missouri,Wayne,25.636363636363637
29225,Missouri,Webster,25.636363636363637
29227,Missouri,Worth,25.636363636363637
29229,Missouri,Wright,25.636363636363637
29510,Missouri,St. Louis,47.81818181818182
30001,Montana,Beaverhead,64.45454545454545
30003,Montana,Big Horn,14.545454545454547
30005,Montana,Blaine,14.545454545454547
30007,Montana,Broadwater,70.0
30009,Montana,Carbon,58.909090909090914
30011,Montana,Carter,58.909090909090914
30013,Montana,Cascade,58.909090909090914
30015,Montana,Chouteau,42.27272727272727
30017,Montana,Custer,58.909090909090914
30019,Montana,Daniels,70.0
30021,Montana,Dawson,58.909090909090914
30023,Montana,Deer Lodge,53.36363636363637
30025,Montana,Fallon,70.0
30027,Montana,Fergus,58.909090909090914
30029,Montana,Flathead,58.909090909090914
30031,Montana,Gallatin,70.0
30033,Montana,Garfield,70.0
30035,Montana,Glacier,14.545454545454547
30037,Montana,Golden Valley,53.36363636363637
30039,Montana,Granite,58.909090909090914
30041,Montana,Hill,25.636363636363637
30043,Montana,Jefferson,70.0
30045,Montana,Judith Basin,58.909090909090914
30047,Montana,Lake,53.36363636363637
30049,Montana,Lewis and Clark,70.0
30051,Montana,Liberty,70.0
30053,Montana,Lincoln,42.27272727272727
30055,Montana,McCone,58.909090909090914
30057,Montana,Madison,70.0
30059,Montana,Meagher,25.636363636363637
30061,Montana,Mineral,25.636363636363637
30063,Montana,Missoula,58.909090909090914
30065,Montana,Musselshell,53.36363636363637
30067,Montana,Park,58.909090909090914
30069,Montana,Petroleum,70.0
30071,Montana,Phillips,47.81818181818182
30073,Montana,Pondera,47.81818181818182
30075,Montana,Powder River,70.0
30077,Montana,Powell,53.36363636363637
30079,Montana,Prairie,58.909090909090914
30081,Montana,Ravalli,47.81818181818182
30083,Montana,Richland,70.0
30085,Montana,Roosevelt,25.636363636363637
30087,Montana,Rosebud,53.36363636363637
30089,Montana,Sanders,42.27272727272727
30091,Montana,Sheridan,70.0
30093,Montana,Silver Bow,64.45454545454545
30095,Montana,Stillwater,70.0
30097,Montana,Sweet Grass,58.909090909090914
30099,Montana,Teton,58.909090909090914
30101,Montana,Toole,64.45454545454545
30103,Montana,Treasure,47.81818181818182
30105,Montana,Valley,70.0
30107,Montana,Wheatland,25.636363636363637
30109,Montana,Wibaux,42.27272727272727
30111,Montana,Yellowstone,70.0
31001,Nebraska,Adams,64.45454545454545
31003,Nebraska,Antelope,58.909090909090914
31005,Nebraska,Arthur,42.27272727272727
31007,Nebraska,Banner,64.45454545454545
31009,Nebraska,Blaine,58.909090909090914
31011,Nebraska,Boone,58.909090909090914
31013,Nebraska,Box Butte,58.909090909090914
31015,Nebraska,Boyd,53.36363636363637
31017,Nebraska,Brown,58.909090909090914
31019,Nebraska,Buffalo,58.909090909090914
31021,Nebraska,Burt,47.81818181818182
31023,Nebraska,Butler,64.45454545454545
31025,Nebraska,Cass,64.45454545454545
31027,Nebraska,Cedar,58.909090909090914
31029,Nebraska,Chase,70.0
31031,Nebraska,Cherry,58.909090909090914
31033,Nebraska,Cheyenne,58.909090909090914
31035,Nebraska,Clay,53.36363636363637
31037,Nebraska,Colfax,47.81818181818182
31039,Nebraska,Cuming,64.45454545454545
31041,Nebraska,Custer,70.0
31043,Nebraska,Dakota,25.636363636363637
31045,Nebraska,Dawes,53.36363636363637
31047,Nebraska,Dawson,53.36363636363637
31049,Nebraska,Deuel,47.81818181818182
31051,Nebraska,Dixon,47.81818181818182
31053,Nebraska,Dodge,64.45454545454545
31055,Nebraska,Douglas,64.45454545454545
31057,Nebraska,Dundy,47.81818181818182
31059,Nebraska,Fillmore,58.909090909090914
31061,Nebraska,Franklin,53.36363636363637
31063,Nebraska,Frontier,64.45454545454545
31065,Nebraska,Furnas,42.27272727272727
31067,Nebraska,Gage,53.36363636363637
31069,Nebraska,Garden,70.0
31071,Nebraska,Garfield,53.36363636363637
31073,Nebraska,Gosper,64.45454545454545
31075,Nebraska,Grant,42.27272727272727
31077,Nebraska,Greeley,47.81818181818182
31079,Nebraska,Hall,53.36363636363637
31081,Nebraska,Hamilton,58.909090909090914
31083,Nebraska,Harlan,47.81818181818182
31085,Nebraska,Hayes,64.45454545454545
31087,Nebraska,Hitchcock,47.81818181818182
31089,Nebraska,Holt,58.909090909090914
31091,Nebraska,Hooker,64.45454545454545
31093,Nebraska,Howard,64.45454545454545
31095,Nebraska,Jefferson,47.81818181818182
31097,Nebraska,Johnson,42.27272727272727
31099,Nebraska,Kearney,58.909090909090914
31101,Nebraska,Keith,58.909090909090914
31103,Nebraska,Keya Paha,58.909090909090914
31105,Nebraska,Kimball,42.27272727272727
31107,Nebraska,Knox,64.45454545454545
31109,Nebraska,Lancaster,58.909090909090914
31111,Nebraska,Lincoln,70.0
31113,Nebraska,Logan,53.36363636363637
31115,Nebraska,Loup,58.909090909090914
31117,Nebraska,McPherson,64.45454545454545
31119,Nebraska,Madison,53.36363636363637
31121,Nebraska,Merrick,64.45454545454545
31123,Nebraska,Morrill,53.36363636363637
31125,Nebraska,Nance,53.36363636363637
31127,Nebraska,Nemaha,53.36363636363637
31129,Nebraska,Nuckolls,42.27272727272727
31131,Nebraska,Otoe,53.36363636363637
31133,Nebraska,Pawnee,47.81818181818182
31135,Nebraska,Perkins,58.909090909090914
31137,Nebraska,Phelps,58.909090909090914
31139,Nebraska,Pierce,64.45454545454545
31141,Nebraska,Platte,64.45454545454545
31143,Nebraska,Polk,58.909090909090914
31145,Nebraska,Red Willow,47.81818181818182
31147,Nebraska,Richardson,42.27272727272727
31149,Nebraska,Rock,70.0
31151,Nebraska,Saline,42.27272727272727
31153,Nebraska,Sarpy,64.45454545454545
31155,Nebraska,Saunders,70.0
31157,Nebraska,Scotts Bluff,64.45454545454545
31159,Nebraska,Seward,58.909090909090914
31161,Nebraska,Sheridan,64.45454545454545
31163,Nebraska,Sherman,64.45454545454545
31165,Nebraska,Sioux,64.45454545454545
31167,Nebraska,Stanton,64.45454545454545
31169,Nebraska,Thayer,64.45454545454545
31171,Nebraska,Thomas,64.45454545454545
31173,Nebraska,Thurston,31.181818181818183
31175,Nebraska,Valley,64.45454545454545
31177,Nebraska,Washington,64.45454545454545
31179,Nebraska,Wayne,53.36363636363637
31181,Nebraska,Webster,47.81818181818182
31183,Nebraska,Wheeler,64.45454545454545
31185,Nebraska,York,64.45454545454545
32001,Nevada,Churchill,53.36363636363637
32003,Nevada,Clark,64.45454545454545
32005,Nevada,Douglas,53.36363636363637
32007,Nevada,Elko,70.0
32009,Nevada,Esmeralda,47.81818181818182
32011,Nevada,Eureka,70.0
32013,Nevada,Humboldt,70.0
32015,Nevada,Lander,70.0
32017,Nevada,Lincoln,58.909090909090914
32019,Nevada,Lyon,53.36363636363637
32021,Nevada,Mineral,47.81818181818182
32023,Nevada,Nye,53.36363636363637
32027,Nevada,Pershing,25.636363636363637
32029,Nevada,Storey,58.909090909090914
32031,Nevada,Washoe,70.0
32033,Nevada,White Pine,64.45454545454545
32510,Nevada,Carson City,64.45454545454545
33001,New Hampshire,Belknap,70.0
33003,New Hampshire,Carroll,64.45454545454545
33005,New Hampshire,Cheshire,64.45454545454545
33007,New Hampshire,Coos,53.36363636363637
33009,New Hampshire,Grafton,70.0
33011,New Hampshire,Hillsborough,70.0
33013,New Hampshire,Merrimack,70.0
33015,New Hampshire,Rockingham,70.0
33017,New Hampshire,Strafford,47.81818181818182
33019,New Hampshire,Sullivan,58.909090909090914
34001,New Jersey,Atlantic,64.45454545454545
34003,New Jersey,Bergen,47.81818181818182
34005,New Jersey,Burlington,70.0
34007,New Jersey,Camden,58.909090909090914
34009,New Jersey,Cape May,64.45454545454545
34011,New Jersey,Cumberland,47.81818181818182
34013,New Jersey,Essex,64.45454545454545
34015,New Jersey,Gloucester,58.909090909090914
34017,New Jersey,Hudson,9.0
34019,New Jersey,Hunterdon,70.0
34021,New Jersey,Mercer,58.909090909090914
34023,New Jersey,Middlesex,58.909090909090914
34025,New Jersey,Monmouth,70.0
34027,New Jersey,Morris,70.0
34029,New Jersey,Ocean,58.909090909090914
34031,New Jersey,Passaic,64.45454545454545
34033,New Jersey,Salem,64.45454545454545
34035,New Jersey,Somerset,70.0
34037,New Jersey,Sussex,70.0
34039,New Jersey,Union,47.81818181818182
34041,New Jersey,Warren,70.0
35001,New Mexico,Bernalillo,64.45454545454545
35003,New Mexico,Catron,47.81818181818182
35005,New Mexico,Chaves,25.636363636363637
35006,New Mexico,Cibola,25.636363636363637
35007,New Mexico,Colfax,25.636363636363637
35009,New Mexico,Curry,25.636363636363637
35011,New Mexico,De Baca,53.36363636363637
35013,New Mexico,Doña Ana,25.636363636363637
35015,New Mexico,Eddy,58.909090909090914
35017,New Mexico,Grant,47.81818181818182
35019,New Mexico,Guadalupe,25.636363636363637
35021,New Mexico,Harding,58.909090909090914
35023,New Mexico,Hidalgo,25.636363636363637
35025,New Mexico,Lea,47.81818181818182
35027,New Mexico,Lincoln,64.45454545454545
35028,New Mexico,Los Alamos,58.909090909090914
35029,New Mexico,Luna,14.545454545454547
35031,New Mexico,McKinley,14.545454545454547
35033,New Mexico,Mora,14.545454545454547
35035,New Mexico,Otero,25.636363636363637
35037,New Mexico,Quay,25.636363636363637
35039,New Mexico,Rio Arriba,25.636363636363637
35041,New Mexico,Roosevelt,25.636363636363637
35043,New Mexico,Sandoval,58.909090909090914
35045,New Mexico,San Juan,47.81818181818182
35047,New Mexico,San Miguel,25.636363636363637
35049,New Mexico,Santa Fe,70.0
35051,New Mexico,Sierra,47.81818181818182
35053,New Mexico,Socorro,25.636363636363637
35055,New Mexico,Taos,47.81818181818182
35057,New Mexico,Torrance,25.636363636363637
35059,New Mexico,Union,47.81818181818182
35061,New Mexico,Valencia,25.636363636363637
36001,New York,Albany,70.0
36003,New York,Allegany,25.636363636363637
36005,New York,Bronx,36.72727272727273
36007,New York,Broome,47.81818181818182
36009,New York,Cattaraugus,42.27272727272727
36011,New York,Cayuga,64.45454545454545
36013,New York,Chautauqua,42.27272727272727
36015,New York,Chemung,47.81818181818182
36017,New York,Chenango,53.36363636363637
36019,New York,Clinton,53.36363636363637
36021,New York,Columbia,64.45454545454545
36023,New York,Cortland,53.36363636363637
36025,New York,Delaware,53.36363636363637
36027,New York,Dutchess,58.909090909090914
36029,New York,Erie,58.909090909090914
36031,New York,Essex,58.909090909090914
36033,New York,Franklin,53.36363636363637
36035,New York,Fulton,53.36363636363637
36037,New York,Genesee,64.45454545454545
36039,New York,Greene,64.45454545454545
36041,New York,Hamilton,53.36363636363637
36043,New York,Herkimer,53.36363636363637
36045,New York,Jefferson,53.36363636363637
36047,New York,Kings,47.81818181818182
36049,New York,Lewis,53.36363636363637
36051,New York,Livingston,53.36363636363637
36053,New York,Madison,64.45454545454545
36055,New York,Monroe,58.909090909090914
36057,New York,Montgomery,53.36363636363637
36059,New York,Nassau,70.0
36061,New York,New York,47.81818181818182
36063,New York,Niagara,64.45454545454545
36065,New York,Oneida,64.45454545454545
36067,New York,Onondaga,58.909090909090914
36069,New York,Ontario,70.0
36071,New York,Orange,58.909090909090914
36073,New York,Orleans,47.81818181818182
36075,New York,Oswego,53.36363636363637
36077,New York,Otsego,64.45454545454545
36079,New York,Putnam,58.909090909090914
36081,New York,Queens,58.909090909090914
36083,New York,Rensselaer,64.45454545454545
36085,New York,Richmond,9.0
36087,New York,Rockland,47.81818181818182
36089,New York,St. Lawrence,53.36363636363637
36091,New York,Saratoga,70.0
36093,New York,Schenectady,64.45454545454545
36095,New York,Schoharie,64.45454545454545
36097,New York,Schuyler,47.81818181818182
36099,New York,Seneca,53.36363636363637
36101,New York,Steuben,53.36363636363637
36103,New York,Suffolk,70.0
36105,New York,Sullivan,58.909090909090914
36107,New York,Tioga,53.36363636363637
36109,New York,Tompkins,58.909090909090914
36111,New York,Ulster,70.0
36113,New York,Warren,70.0
36115,New York,Washington,42.27272727272727
36117,New York,Wayne,64.45454545454545
36119,New York,Westchester,64.45454545454545
36121,New York,Wyoming,53.36363636363637
36123,New York,Yates,53.36363636363637
37001,North Carolina,Alamance,64.45454545454545
37003,North Carolina,Alexander,53.36363636363637
37005,North Carolina,Alleghany,25.636363636363637
37007,North Carolina,Anson,14.545454545454547
37009,North Carolina,Ashe,42.27272727272727
37011,North Carolina,Avery,25.636363636363637
37013,North Carolina,Beaufort,47.81818181818182
37015,North Carolina,Bertie,25.636363636363637
37017,North Carolina,Bladen,25.636363636363637
37019,North Carolina,Brunswick,64.45454545454545
37021,North Carolina,Buncombe,58.909090909090914
37023,North Carolina,Burke,25.636363636363637
37025,North Carolina,Cabarrus,64.45454545454545
37027,North Carolina,Caldwell,25.636363636363637
37029,North Carolina,Camden,42.27272727272727
37031,North Carolina,Carteret,64.45454545454545
37033,North Carolina,Caswell,42.27272727272727
37035,North Carolina,Catawba,53.36363636363637
37037,North Carolina,Chatham,70.0
37039,North Carolina,Cherokee,25.636363636363637
37041,North Carolina,Chowan,31.181818181818183
37043,North Carolina,Clay,14.545454545454547
37045,North Carolina,Cleveland,25.636363636363637
37047,North Carolina,Columbus,47.81818181818182
37049,North Carolina,Craven,64.45454545454545
37051,North Carolina,Cumberland,42.27272727272727
37053,North Carolina,Currituck,64.45454545454545
37055,North Carolina,Dare,47.81818181818182
37057,North Carolina,Davidson,47.81818181818182
37059,North Carolina,Davie,53.36363636363637
37061,North Carolina,Duplin,25.636363636363637
37063,North Carolina,Durham,70.0
37065,North Carolina,Edgecombe,25.636363636363637
37067,North Carolina,Forsyth,64.45454545454545
37069,North Carolina,Franklin,47.81818181818182
37071,North Carolina,Gaston,42.27272727272727
37073,North Carolina,Gates,42.27272727272727
37075,North Carolina,Graham,25.636363636363637
37077,North Carolina,Granville,47.81818181818182
37079,North Carolina,Greene,25.636363636363637
37081,North Carolina,Guilford,64.45454545454545
37083,North Carolina,Halifax,25.636363636363637
37085,North Carolina,Harnett,25.636363636363637
37087,North Carolina,Haywood,64.45454545454545
37089,North Carolina,Henderson,53.36363636363637
37091,North Carolina,Hertford,25.636363636363637
37093,North Carolina,Hoke,25.636363636363637
37095,North Carolina,Hyde,14.545454545454547
37097,North Carolina,Iredell,58.909090909090914
37099,North Carolina,Jackson,47.81818181818182
37101,North Carolina,Johnston,47.81818181818182
37103,North Carolina,Jones,36.72727272727273
37105,North Carolina,Lee,25.636363636363637
37107,North Carolina,Lenoir,25.636363636363637
37109,North Carolina,Lincoln,53.36363636363637
37111,North Carolina,McDowell,25.636363636363637
37113,North Carolina,Macon,47.81818181818182
37115,North Carolina,Madison,47.81818181818182
37117,North Carolina,Martin,25.636363636363637
37119,North Carolina,Mecklenburg,70.0
37121,North Carolina,Mitchell,25.636363636363637
37123,North Carolina,Montgomery,25.636363636363637
37125,North Carolina,Moore,58.909090909090914
37127,North Carolina,Nash,47.81818181818182
37129,North Carolina,New Hanover,47.81818181818182
37131,North Carolina,Northampton,25.636363636363637
37133,North Carolina,Onslow,42.27272727272727
37135,North Carolina,Orange,70.0
37137,North Carolina,Pamlico,47.81818181818182
37139,North Carolina,Pasquotank,36.72727272727273
37141,North Carolina,Pender,53.36363636363637
37143,North Carolina,Perquimans,42.27272727272727
37145,North Carolina,Person,47.81818181818182
37147,North Carolina,Pitt,53.36363636363637
37149,North Carolina,Polk,31.181818181818183
37151,North Carolina,Randolph,47.81818181818182
37153,North Carolina,Richmond,14.545454545454547
37155,North Carolina,Robeson,14.545454545454547
37157,North Carolina,Rockingham,42.27272727272727
37159,North Carolina,Rowan,47.81818181818182
37161,North Carolina,Rutherford,25.636363636363637
37163,North Carolina,Sampson,25.636363636363637
37165,North Carolina,Scotland,14.545454545454547
37167,North Carolina,Stanly,42.27272727272727
37169,North Carolina,Stokes,47.81818181818182
37171,North Carolina,Surry,42.27272727272727
37173,North Carolina,Swain,36.72727272727273
37175,North Carolina,Transylvania,36.72727272727273
37177,North Carolina,Tyrrell,14.545454545454547
37179,North Carolina,Union,53.36363636363637
37181,North Carolina,Vance,25.636363636363637
37183,North Carolina,Wake,70.0
37185,North Carolina,Warren,25.636363636363637
37187,North Carolina,Washington,25.636363636363637
37189,North Carolina,Watauga,42.27272727272727
37191,North Carolina,Wayne,25.636363636363637
37193,North Carolina,Wilkes,25.636363636363637
37195,North Carolina,Wilson,25.636363636363637
37197,North Carolina,Yadkin,47.81818181818182
37199,North Carolina,Yancey,25.636363636363637
38001,North Dakota,Adams,58.909090909090914
38003,North Dakota,Barnes,70.0
38005,North Dakota,Benson,42.27272727272727
38007,North Dakota,Billings,70.0
38009,North Dakota,Bottineau,70.0
38011,North Dakota,Bowman,58.909090909090914
38013,North Dakota,Burke,70.0
38015,North Dakota,Burleigh,70.0
38017,North Dakota,Cass,70.0
38019,North Dakota,Cavalier,70.0
38021,North Dakota,Dickey,64.45454545454545
38023,North Dakota,Divide,70.0
38025,North Dakota,Dunn,70.0
38027,North Dakota,Eddy,70.0
38029,North Dakota,Emmons,58.909090909090914
38031,North Dakota,Foster,70.0
38033,North Dakota,Golden Valley,64.45454545454545
38035,North Dakota,Grand Forks,58.909090909090914
38037,North Dakota,Grant,70.0
38039,North Dakota,Griggs,70.0
38041,North Dakota,Hettinger,70.0
38043,North Dakota,Kidder,70.0
38045,North Dakota,LaMoure,70.0
38047,North Dakota,Logan,70.0
38049,North Dakota,McHenry,70.0
38051,North Dakota,McIntosh,58.909090909090914
38053,North Dakota,McKenzie,70.0
38055,North Dakota,McLean,70.0
38057,North Dakota,Mercer,70.0
38059,North Dakota,Morton,70.0
38061,North Dakota,Mountrail,70.0
38063,North Dakota,Nelson,70.0
38065,North Dakota,Oliver,70.0
38067,North Dakota,Pembina,70.0
38069,North Dakota,Pierce,64.45454545454545
38071,North Dakota,Ramsey,70.0
38073,North Dakota,Ransom,70.0
38075,North Dakota,Renville,58.909090909090914
38077,North Dakota,Richland,58.909090909090914
38079,North Dakota,Rolette,14.545454545454547
38081,North Dakota,Sargent,70.0
38083,North Dakota,Sheridan,70.0
38085,North Dakota,Sioux,14.545454545454547
38087,North Dakota,Slope,70.0
38089,North Dakota,Stark,70.0
38091,North Dakota,Steele,70.0
38093,North Dakota,Stutsman,70.0
38095,North Dakota,Towner,70.0
38097,North Dakota,Traill,58.909090909090914
38099,North Dakota,Walsh,58.909090909090914
38101,North Dakota,Ward,70.0
38103,North Dakota,Wells,70.0
38105,North Dakota,Williams,70.0
39001,Ohio,Adams,25.636363636363637
39003,Ohio,Allen,47.81818181818182
39005,Ohio,Ashland,47.81818181818182
39007,Ohio,Ashtabula,25.636363636363637
39009,Ohio,Athens,25.636363636363637
39011,Ohio,Auglaize,64.45454545454545
39013,Ohio,Belmont,42.27272727272727
39015,Ohio,Brown,36.72727272727273
39017,Ohio,Butler,58.909090909090914
39019,Ohio,Carroll,53.36363636363637
39021,Ohio,Champaign,53.36363636363637
39023,Ohio,Clark,53.36363636363637
39025,Ohio,Clermont,53.36363636363637
39027,Ohio,Clinton,47.81818181818182
39029,Ohio,Columbiana,42.27272727272727
39031,Ohio,Coshocton,25.636363636363637
39033,Ohio,Crawford,47.81818181818182
39035,Ohio,Cuyahoga,58.909090909090914
39037,Ohio,Darke,47.81818181818182
39039,Ohio,Defiance,53.36363636363637
39041,Ohio,Delaware,70.0
39043,Ohio,Erie,53.36363636363637
39045,Ohio,Fairfield,64.45454545454545
39047,Ohio,Fayette,47.81818181818182
39049,Ohio,Franklin,58.909090909090914
39051,Ohio,Fulton,64.45454545454545
39053,Ohio,Gallia,25.636363636363637
39055,Ohio,Geauga,58.909090909090914
39057,Ohio,Greene,58.909090909090914
39059,Ohio,Guernsey,47.81818181818182
39061,Ohio,Hamilton,53.36363636363637
39063,Ohio,Hancock,64.45454545454545
39065,Ohio,Hardin,25.636363636363637
39067,Ohio,Harrison,42.27272727272727
39069,Ohio,Henry,64.45454545454545
39071,Ohio,Highland,25.636363636363637
39073,Ohio,Hocking,25.636363636363637
39075,Ohio,Holmes,25.636363636363637
39077,Ohio,Huron,47.81818181818182
39079,Ohio,Jackson,25.636363636363637
39081,Ohio,Jefferson,31.181818181818183
39083,Ohio,Knox,53.36363636363637
39085,Ohio,Lake,64.45454545454545
39087,Ohio,Lawrence,25.636363636363637
39089,Ohio,Licking,64.45454545454545
39091,Ohio,Logan,64.45454545454545
39093,Ohio,Lorain,58.909090909090914
39095,Ohio,Lucas,64.45454545454545
39097,Ohio,Madison,53.36363636363637
39099,Ohio,Mahoning,42.27272727272727
39101,Ohio,Marion,47.81818181818182
39103,Ohio,Medina,58.909090909090914
39105,Ohio,Meigs,25.636363636363637
39107,Ohio,Mercer,53.36363636363637
39109,Ohio,Miami,53.36363636363637
39111,Ohio,Monroe,25.636363636363637
39113,Ohio,Montgomery,58.909090909090914
39115,Ohio,Morgan,36.72727272727273
39117,Ohio,Morrow,53.36363636363637
39119,Ohio,Muskingum,42.27272727272727
39121,Ohio,Noble,42.27272727272727
39123,Ohio,Ottawa,64.45454545454545
39125,Ohio,Paulding,47.81818181818182
39127,Ohio,Perry,25.636363636363637
39129,Ohio,Pickaway,53.36363636363637
39131,Ohio,Pike,25.636363636363637
39133,Ohio,Portage,64.45454545454545
39135,Ohio,Preble,53.36363636363637
39137,Ohio,Putnam,64.45454545454545
39139,Ohio,Richland,47.81818181818182
39141,Ohio,Ross,25.636363636363637
39143,Ohio,Sandusky,47.81818181818182
39145,Ohio,Scioto,25.636363636363637
39147,Ohio,Seneca,53.36363636363637
39149,Ohio,Shelby,64.45454545454545
39151,Ohio,Stark,64.45454545454545
39153,Ohio,Summit,58.909090909090914
39155,Ohio,Trumbull,47.81818181818182
39157,Ohio,Tuscarawas,47.81818181818182
39159,Ohio,Union,58.909090909090914
39161,Ohio,Van Wert,53.36363636363637
39163,Ohio,Vinton,25.636363636363637
39165,Ohio,Warren,58.909090909090914
39167,Ohio,Washington,42.27272727272727
39169,Ohio,Wayne,47.81818181818182
39171,Ohio,Williams,47.81818181818182
39173,Ohio,Wood,58.909090909090914
39175,Ohio,Wyandot,47.81818181818182
40001,Oklahoma,Adair,14.545454545454547
40003,Oklahoma,Alfalfa,64.45454545454545
40005,Oklahoma,Atoka,25.636363636363637
40007,Oklahoma,Beaver,53.36363636363637
40009,Oklahoma,Beckham,42.27272727272727
40011,Oklahoma,Blaine,47.81818181818182
40013,Oklahoma,Bryan,25.636363636363637
40015,Oklahoma,Caddo,42.27272727272727
40017,Oklahoma,Canadian,58.909090909090914
40019,Oklahoma,Carter,47.81818181818182
40021,Oklahoma,Cherokee,25.636363636363637
40023,Oklahoma,Choctaw,14.545454545454547
40025,Oklahoma,Cimarron,64.45454545454545
40027,Oklahoma,Cleveland,64.45454545454545
40029,Oklahoma,Coal,25.636363636363637
40031,Oklahoma,Comanche,53.36363636363637
40033,Oklahoma,Cotton,25.636363636363637
40035,Oklahoma,Craig,25.636363636363637
40037,Oklahoma,Creek,47.81818181818182
40039,Oklahoma,Custer,53.36363636363637
40041,Oklahoma,Delaware,25.636363636363637
40043,Oklahoma,Dewey,53.36363636363637
40045,Oklahoma,Ellis,64.45454545454545
40047,Oklahoma,Garfield,64.45454545454545
40049,Oklahoma,Garvin,42.27272727272727
40051,Oklahoma,Grady,64.45454545454545
40053,Oklahoma,Grant,58.909090909090914
40055,Oklahoma,Greer,25.636363636363637
40057,Oklahoma,Harmon,25.636363636363637
40059,Oklahoma,Harper,53.36363636363637
40061,Oklahoma,Haskell,25.636363636363637
40063,Oklahoma,Hughes,25.636363636363637
40065,Oklahoma,Jackson,25.636363636363637
40067,Oklahoma,Jefferson,25.636363636363637
40069,Oklahoma,Johnston,25.636363636363637
40071,Oklahoma,Kay,53.36363636363637
40073,Oklahoma,Kingfisher,70.0
40075,Oklahoma,Kiowa,47.81818181818182
40077,Oklahoma,Latimer,47.81818181818182
40079,Oklahoma,Le Flore,25.636363636363637
40081,Oklahoma,Lincoln,47.81818181818182
40083,Oklahoma,Logan,58.909090909090914
40085,Oklahoma,Love,31.181818181818183
40087,Oklahoma,McClain,53.36363636363637
40089,Oklahoma,McCurtain,14.545454545454547
40091,Oklahoma,McIntosh,25.636363636363637
40093,Oklahoma,Major,64.45454545454545
40095,Oklahoma,Marshall,25.636363636363637
40097,Oklahoma,Mayes,25.636363636363637
40099,Oklahoma,Murray,42.27272727272727
40101,Oklahoma,Muskogee,25.636363636363637
40103,Oklahoma,Noble,64.45454545454545
40105,Oklahoma,Nowata,42.27272727272727
40107,Oklahoma,Okfuskee,14.545454545454547
40109,Oklahoma,Oklahoma,58.909090909090914
40111,Oklahoma,Okmulgee,25.636363636363637
40113,Oklahoma,Osage,53.36363636363637
40115,Oklahoma,Ottawa,14.545454545454547
40117,Oklahoma,Pawnee,42.27272727272727
40119,Oklahoma,Payne,42.27272727272727
40121,Oklahoma,Pittsburg,47.81818181818182
40123,Oklahoma,Pontotoc,47.81818181818182
40125,Oklahoma,Pottawatomie,25.636363636363637
40127,Oklahoma,Pushmataha,25.636363636363637
40129,Oklahoma,Roger Mills,64.45454545454545
40131,Oklahoma,Rogers,64.45454545454545
40133,Oklahoma,Seminole,25.636363636363637
40135,Oklahoma,Sequoyah,14.545454545454547
40137,Oklahoma,Stephens,47.81818181818182
40139,Oklahoma,Texas,42.27272727272727
40141,Oklahoma,Tillman,25.636363636363637
40143,Oklahoma,Tulsa,53.36363636363637
40145,Oklahoma,Wagoner,53.36363636363637
40147,Oklahoma,Washington,53.36363636363637
40149,Oklahoma,Washita,53.36363636363637
40151,Oklahoma,Woods,58.909090909090914
40153,Oklahoma,Woodward,64.45454545454545
41001,Oregon,Baker,53.36363636363637
41003,Oregon,Benton,58.909090909090914
41005,Oregon,Clackamas,70.0
41007,Oregon,Clatsop,53.36363636363637
41009,Oregon,Columbia,64.45454545454545
41011,Oregon,Coos,53.36363636363637
41013,Oregon,Crook,53.36363636363637
41015,Oregon,Curry,53.36363636363637
41017,Oregon,Deschutes,70.0
41019,Oregon,Douglas,53.36363636363637
41021,Oregon,Gilliam,53.36363636363637
41023,Oregon,Grant,53.36363636363637
41025,Oregon,Harney,53.36363636363637
41027,Oregon,Hood River,64.45454545454545
41029,Oregon,Jackson,64.45454545454545
41031,Oregon,Jefferson,47.81818181818182
41033,Oregon,Josephine,47.81818181818182
41035,Oregon,Klamath,53.36363636363637
41037,Oregon,Lake,25.636363636363637
41039,Oregon,Lane,64.45454545454545
41041,Oregon,Lincoln,47.81818181818182
41043,Oregon,Linn,53.36363636363637
41045,Oregon,Malheur,14.545454545454547
41047,Oregon,Marion,47.81818181818182
41049,Oregon,Morrow,25.636363636363637
41051,Oregon,Multnomah,58.909090909090914
41053,Oregon,Polk,53.36363636363637
41055,Oregon,Sherman,58.909090909090914
41057,Oregon,Tillamook,47.81818181818182
41059,Oregon,Umatilla,42.27272727272727
41061,Oregon,Union,64.45454545454545
41063,Oregon,Wallowa,64.45454545454545
41065,Oregon,Wasco,53.36363636363637
41067,Oregon,Washington,70.0
41069,Oregon,Wheeler,25.636363636363637
41071,Oregon,Yamhill,64.45454545454545
42001,Pennsylvania,Adams,53.36363636363637
42003,Pennsylvania,Allegheny,70.0
42005,Pennsylvania,Armstrong,53.36363636363637
42007,Pennsylvania,Beaver,58.909090909090914
42009,Pennsylvania,Bedford,47.81818181818182
42011,Pennsylvania,Berks,58.909090909090914
42013,Pennsylvania,Blair,47.81818181818182
42015,Pennsylvania,Bradford,64.45454545454545
42017,Pennsylvania,Bucks,58.909090909090914
42019,Pennsylvania,Butler,70.0
42021,Pennsylvania,Cambria,47.81818181818182
42023,Pennsylvania,Cameron,47.81818181818182
42025,Pennsylvania,Carbon,53.36363636363637
42027,Pennsylvania,Centre,64.45454545454545
42029,Pennsylvania,Chester,70.0
42031,Pennsylvania,Clarion,47.81818181818182
42033,Pennsylvania,Clearfield,47.81818181818182
42035,Pennsylvania,Clinton,47.81818181818182
42037,Pennsylvania,Columbia,47.81818181818182
42039,Pennsylvania,Crawford,53.36363636363637
42041,Pennsylvania,Cumberland,70.0
42043,Pennsylvania,Dauphin,58.909090909090914
42045,Pennsylvania,Delaware,42.27272727272727
42047,Pennsylvania,Elk,53.36363636363637
42049,Pennsylvania,Erie,47.81818181818182
42051,Pennsylvania,Fayette,42.27272727272727
42053,Pennsylvania,Forest,31.181818181818183
42055,Pennsylvania,Franklin,53.36363636363637
42057,Pennsylvania,Fulton,47.81818181818182
42059,Pennsylvania,Greene,42.27272727272727
42061,Pennsylvania,Huntingdon,47.81818181818182
42063,Pennsylvania,Indiana,53.36363636363637
42065,Pennsylvania,Jefferson,47.81818181818182
42067,Pennsylvania,Juniata,47.81818181818182
42069,Pennsylvania,Lackawanna,53.36363636363637
42071,Pennsylvania,Lancaster,58.909090909090914
42073,Pennsylvania,Lawrence,64.45454545454545
42075,Pennsylvania,Lebanon,64.45454545454545
42077,Pennsylvania,Lehigh,58.909090909090914
42079,Pennsylvania,Luzerne,64.45454545454545
42081,Pennsylvania,Lycoming,64.45454545454545
42083,Pennsylvania,McKean,53.36363636363637
42085,Pennsylvania,Mercer,53.36363636363637
42087,Pennsylvania,Mifflin,42.27272727272727
42089,Pennsylvania,Monroe,64.45454545454545
42091,Pennsylvania,Montgomery,70.0
42093,Pennsylvania,Montour,53.36363636363637
42095,Pennsylvania,Northampton,53.36363636363637
42097,Pennsylvania,Northumberland,47.81818181818182
42099,Pennsylvania,Perry,58.909090909090914
42101,Pennsylvania,Philadelphia,14.545454545454547
42103,Pennsylvania,Pike,53.36363636363637
42105,Pennsylvania,Potter,47.81818181818182
42107,Pennsylvania,Schuylkill,53.36363636363637
42109,Pennsylvania,Snyder,42.27272727272727
42111,Pennsylvania,Somerset,42.27272727272727
42113,Pennsylvania,Sullivan,53.36363636363637
42115,Pennsylvania,Susquehanna,64.45454545454545
42117,Pennsylvania,Tioga,53.36363636363637
42119,Pennsylvania,Union,47.81818181818182
42121,Pennsylvania,Venango,53.36363636363637
42123,Pennsylvania,Warren,53.36363636363637
42125,Pennsylvania,Washington,58.909090909090914
42127,Pennsylvania,Wayne,47.81818181818182
42129,Pennsylvania,Westmoreland,58.909090909090914
42131,Pennsylvania,Wyoming,64.45454545454545
42133,Pennsylvania,York,64.45454545454545
44001,Rhode Island,Bristol,9.0
44003,Rhode Island,Kent,58.909090909090914
44005,Rhode Island,Newport,31.181818181818183
44007,Rhode Island,Providence,53.36363636363637
44009,Rhode Island,Washington,58.909090909090914
45001,South Carolina,Abbeville,25.636363636363637
45003,South Carolina,Aiken,53.36363636363637
45005,South Carolina,Allendale,14.545454545454547
45007,South Carolina,Anderson,47.81818181818182
45009,South Carolina,Bamberg,25.636363636363637
45011,South Carolina,Barnwell,14.545454545454547
45013,South Carolina,Beaufort,58.909090909090914
45015,South Carolina,Berkeley,58.909090909090914
45017,South Carolina,Calhoun,47.81818181818182
45019,South Carolina,Charleston,64.45454545454545
45021,South Carolina,Cherokee,42.27272727272727
45023,South Carolina,Chester,25.636363636363637
45025,South Carolina,Chesterfield,25.636363636363637
45027,South Carolina,Clarendon,25.636363636363637
45029,South Carolina,Colleton,25.636363636363637
45031,South Carolina,Darlington,25.636363636363637
45033,South Carolina,Dillon,14.545454545454547
45035,South Carolina,Dorchester,64.45454545454545
45037,South Carolina,Edgefield,47.81818181818182
45039,South Carolina,Fairfield,42.27272727272727
45041,South Carolina,Florence,42.27272727272727
45043,South Carolina,Georgetown,64.45454545454545
45045,South Carolina,Greenville,64.45454545454545
45047,South Carolina,Greenwood,25.636363636363637
45049,South Carolina,Hampton,14.545454545454547
45051,South Carolina,Horry,47.81818181818182
45053,South Carolina,Jasper,36.72727272727273
45055,South Carolina,Kershaw,42.27272727272727
45057,South Carolina,Lancaster,47.81818181818182
45059,South Carolina,Laurens,25.636363636363637
45061,South Carolina,Lee,14.545454545454547
45063,South Carolina,Lexington,64.45454545454545
45065,South Carolina,McCormick,25.636363636363637
45067,South Carolina,Marion,31.181818181818183
45069,South Carolina,Marlboro,14.545454545454547
45071,South Carolina,Newberry,42.27272727272727
45073,South Carolina,Oconee,47.81818181818182
45075,South Carolina,Orangeburg,25.636363636363637
45077,South Carolina,Pickens,47.81818181818182
45079,South Carolina,Richland,64.45454545454545
45081,South Carolina,Saluda,42.27272727272727
45083,South Carolina,Spartanburg,47.81818181818182
45085,South Carolina,Sumter,25.636363636363637
45087,South Carolina,Union,25.636363636363637
45089,South Carolina,Williamsburg,25.636363636363637
45091,South Carolina,York,64.45454545454545
46003,South Dakota,Aurora,70.0
46005,South Dakota,Beadle,53.36363636363637
46007,South Dakota,Bennett,14.545454545454547
46009,South Dakota,Bon Homme,42.27272727272727
46011,South Dakota,Brookings,53.36363636363637
46013,South Dakota,Brown,70.0
46015,South Dakota,Brule,53.36363636363637
46017,South Dakota,Buffalo,14.545454545454547
46019,South Dakota,Butte,64.45454545454545
46021,South Dakota,Campbell,70.0
46023,South Dakota,Charles Mix,25.636363636363637
46025,South Dakota,Clark,64.45454545454545
46027,South Dakota,Clay,36.72727272727273
46029,South Dakota,Codington,58.909090909090914
46031,South Dakota,Corson,14.545454545454547
46033,South Dakota,Custer,58.909090909090914
46035,South Dakota,Davison,64.45454545454545
46037,South Dakota,Day,70.0
46039,South Dakota,Deuel,64.45454545454545
46041,South Dakota,Dewey,25.636363636363637
46043,South Dakota,Douglas,53.36363636363637
46045,South Dakota,Edmunds,70.0
46047,South Dakota,Fall River,53.36363636363637
46049,South Dakota,Faulk,58.909090909090914
46051,South Dakota,Grant,64.45454545454545
46053,South Dakota,Gregory,47.81818181818182
46055,South Dakota,Haakon,47.81818181818182
46057,South Dakota,Hamlin,64.45454545454545
46059,South Dakota,Hand,70.0
46061,South Dakota,Hanson,47.81818181818182
46063,South Dakota,Harding,70.0
46065,South Dakota,Hughes,58.909090909090914
46067,South Dakota,Hutchinson,58.909090909090914
46069,South Dakota,Hyde,58.909090909090914
46071,South Dakota,Jackson,14.545454545454547
46073,South Dakota,Jerauld,70.0
46075,South Dakota,Jones,64.45454545454545
46077,South Dakota,Kingsbury,70.0
46079,South Dakota,Lake,58.909090909090914
46081,South Dakota,Lawrence,64.45454545454545
46083,South Dakota,Lincoln,64.45454545454545
46085,South Dakota,Lyman,25.636363636363637
46087,South Dakota,McCook,58.909090909090914
46089,South Dakota,McPherson,53.36363636363637
46091,South Dakota,Marshall,58.909090909090914
46093,South Dakota,Meade,58.909090909090914
46095,South Dakota,Mellette,14.545454545454547
46097,South Dakota,Miner,58.909090909090914
46099,South Dakota,Minnehaha,64.45454545454545
46101,South Dakota,Moody,53.36363636363637
46102,South Dakota,Oglala Lakota,20.090909090909093
46103,South Dakota,Pennington,58.909090909090914
46105,South Dakota,Perkins,70.0
46107,South Dakota,Potter,70.0
46109,South Dakota,Roberts,47.81818181818182
46111,South Dakota,Sanborn,58.909090909090914
46115,South Dakota,Spink,70.0
46117,South Dakota,Stanley,70.0
46119,South Dakota,Sully,70.0
46121,South Dakota,Todd,14.545454545454547
46123,South Dakota,Tripp,64.45454545454545
46125,South Dakota,Turner,58.909090909090914
46127,South Dakota,Union,42.27272727272727
46129,South Dakota,Walworth,58.909090909090914
46135,South Dakota,Yankton,64.45454545454545
46137,South Dakota,Ziebach,14.545454545454547
47001,Tennessee,Anderson,64.45454545454545
47003,Tennessee,Bedford,47.81818181818182
47005,Tennessee,Benton,25.636363636363637
47007,Tennessee,Bledsoe,25.636363636363637
47009,Tennessee,Blount,53.36363636363637
47011,Tennessee,Bradley,36.72727272727273
47013,Tennessee,Campbell,25.636363636363637
47015,Tennessee,Cannon,42.27272727272727
47017,Tennessee,Carroll,25.636363636363637
47019,Tennessee,Carter,14.545454545454547
47021,Tennessee,Cheatham,64.45454545454545
47023,Tennessee,Chester,25.636363636363637
47025,Tennessee,Claiborne,25.636363636363637
47027,Tennessee,Clay,14.545454545454547
47029,Tennessee,Cocke,14.545454545454547
47031,Tennessee,Coffee,42.27272727272727
47033,Tennessee,Crockett,25.636363636363637
47035,Tennessee,Cumberland,47.81818181818182
47037,Tennessee,Davidson,70.0
47039,Tennessee,Decatur,25.636363636363637
47041,Tennessee,DeKalb,47.81818181818182
47043,Tennessee,Dickson,53.36363636363637
47045,Tennessee,Dyer,42.27272727272727
47047,Tennessee,Fayette,53.36363636363637
47049,Tennessee,Fentress,14.545454545454547
47051,Tennessee,Franklin,42.27272727272727
47053,Tennessee,Gibson,25.636363636363637
47055,Tennessee,Giles,25.636363636363637
47057,Tennessee,Grainger,25.636363636363637
47059,Tennessee,Greene,25.636363636363637
47061,Tennessee,Grundy,25.636363636363637
47063,Tennessee,Hamblen,25.636363636363637
47065,Tennessee,Hamilton,53.36363636363637
47067,Tennessee,Hancock,25.636363636363637
47069,Tennessee,Hardeman,14.545454545454547
47071,Tennessee,Hardin,25.636363636363637
47073,Tennessee,Hawkins,25.636363636363637
47075,Tennessee,Haywood,42.27272727272727
47077,Tennessee,Henderson,25.636363636363637
47079,Tennessee,Henry,25.636363636363637
47081,Tennessee,Hickman,25.636363636363637
47083,Tennessee,Houston,36.72727272727273
47085,Tennessee,Humphreys,42.27272727272727
47087,Tennessee,Jackson,25.636363636363637
47089,Tennessee,Jefferson,36.72727272727273
47091,Tennessee,Johnson,14.545454545454547
47093,Tennessee,Knox,64.45454545454545
47095,Tennessee,Lake,25.636363636363637
47097,Tennessee,Lauderdale,25.636363636363637
47099,Tennessee,Lawrence,25.636363636363637
47101,Tennessee,Lewis,25.636363636363637
47103,Tennessee,Lincoln,42.27272727272727
47105,Tennessee,Loudon,64.45454545454545
47107,Tennessee,McMinn,25.636363636363637
47109,Tennessee,McNairy,25.636363636363637
47111,Tennessee,Macon,25.636363636363637
47113,Tennessee,Madison,42.27272727272727
47115,Tennessee,Marion,36.72727272727273
47117,Tennessee,Marshall,47.81818181818182
47119,Tennessee,Maury,53.36363636363637
47121,Tennessee,Meigs,25.636363636363637
47123,Tennessee,Monroe,25.636363636363637
47125,Tennessee,Montgomery,47.81818181818182
47127,Tennessee,Moore,47.81818181818182
47129,Tennessee,Morgan,25.636363636363637
47131,Tennessee,Obion,25.636363636363637
47133,Tennessee,Overton,25.636363636363637
47135,Tennessee,Perry,25.636363636363637
47137,Tennessee,Pickett,14.545454545454547
47139,Tennessee,Polk,31.181818181818183
47141,Tennessee,Putnam,36.72727272727273
47143,Tennessee,Rhea,25.636363636363637
47145,Tennessee,Roane,53.36363636363637
47147,Tennessee,Robertson,64.45454545454545
47149,Tennessee,Rutherford,64.45454545454545
47151,Tennessee,Scott,25.636363636363637
47153,Tennessee,Sequatchie,47.81818181818182
47155,Tennessee,Sevier,25.636363636363637
47157,Tennessee,Shelby,53.36363636363637
47159,Tennessee,Smith,42.27272727272727
47161,Tennessee,Stewart,25.636363636363637
47163,Tennessee,Sullivan,42.27272727272727
47165,Tennessee,Sumner,64.45454545454545
47167,Tennessee,Tipton,53.36363636363637
47169,Tennessee,Trousdale,42.27272727272727
47171,Tennessee,Unicoi,14.545454545454547
47173,Tennessee,Union,25.636363636363637
47175,Tennessee,Van Buren,25.636363636363637
47177,Tennessee,Warren,25.636363636363637
47179,Tennessee,Washington,42.27272727272727
47181,Tennessee,Wayne,14.545454545454547
47183,Tennessee,Weakley,25.636363636363637
47185,Tennessee,White,25.636363636363637
47187,Tennessee,Williamson,70.0
47189,Tennessee,Wilson,58.909090909090914
48001,Texas,Anderson,14.545454545454547
48003,Texas,Andrews,58.909090909090914
48005,Texas,Angelina,25.636363636363637
48007,Texas,Aransas,42.27272727272727
48009,Texas,Archer,58.909090909090914
48011,Texas,Armstrong,58.909090909090914
48013,Texas,Atascosa,53.36363636363637
48015,Texas,Austin,58.909090909090914
48017,Texas,Bailey,25.636363636363637
48019,Texas,Bandera,64.45454545454545
48021,Texas,Bastrop,64.45454545454545
48023,Texas,Baylor,58.909090909090914
48025,Texas,Bee,25.636363636363637
48027,Texas,Bell,53.36363636363637
48029,Texas,Bexar,64.45454545454545
48031,Texas,Blanco,70.0
48033,Texas,Borden,70.0
48035,Texas,Bosque,53.36363636363637
48037,Texas,Bowie,42.27272727272727
48039,Texas,Brazoria,58.909090909090914
48041,Texas,Brazos,47.81818181818182
48043,Texas,Brewster,64.45454545454545
48045,Texas,Briscoe,47.81818181818182
48047,Texas,Brooks,14.545454545454547
48049,Texas,Brown,47.81818181818182
48051,Texas,Burleson,64.45454545454545
48053,Texas,Burnet,70.0
48055,Texas,Caldwell,47.81818181818182
48057,Texas,Calhoun,53.36363636363637
48059,Texas,Callahan,42.27272727272727
48061,Texas,Cameron,14.545454545454547
48063,Texas,Camp,36.72727272727273
48065,Texas,Carson,58.909090909090914
48067,Texas,Cass,25.636363636363637
48069,Texas,Castro,25.636363636363637
48071,Texas,Chambers,64.45454545454545
48073,Texas,Cherokee,25.636363636363637
48075,Texas,Childress,25.636363636363637
48077,Texas,Clay,64.45454545454545
48079,Texas,Cochran,25.636363636363637
48081,Texas,Coke,53.36363636363637
48083,Texas,Coleman,53.36363636363637
48085,Texas,Collin,70.0
48087,Texas,Collingsworth,25.636363636363637
48089,Texas,Colorado,64.45454545454545
48091,Texas,Comal,70.0
48093,Texas,Comanche,47.81818181818182
48095,Texas,Concho,25.636363636363637
48097,Texas,Cooke,58.909090909090914
48099,Texas,Coryell,25.636363636363637
48101,Texas,Cottle,42.27272727272727
48103,Texas,Crane,47.81818181818182
48105,Texas,Crockett,53.36363636363637
48107,Texas,Crosby,25.636363636363637
48109,Texas,Culberson,25.636363636363637
48111,Texas,Dallam,53.36363636363637
48113,Texas,Dallas,58.909090909090914
48115,Texas,Dawson,47.81818181818182
48117,Texas,Deaf Smith,25.636363636363637
48119,Texas,Delta,42.27272727272727
48121,Texas,Denton,70.0
48123,Texas,DeWitt,64.45454545454545
48125,Texas,Dickens,53.36363636363637
48127,Texas,Dimmit,25.636363636363637
48129,Texas,Donley,42.27272727272727
48131,Texas,Duval,25.636363636363637
48133,Texas,Eastland,25.636363636363637
48135,Texas,Ector,58.909090909090914
48137,Texas,Edwards,58.909090909090914
48139,Texas,Ellis,64.45454545454545
48141,Texas,El Paso,25.636363636363637
48143,Texas,Erath,47.81818181818182
48145,Texas,Falls,25.636363636363637
48147,Texas,Fannin,47.81818181818182
48149,Texas,Fayette,58.909090909090914
48151,Texas,Fisher,64.45454545454545
48153,Texas,Floyd,47.81818181818182
48155,Texas,Foard,53.36363636363637
48157,Texas,Fort Bend,70.0
48159,Texas,Franklin,25.636363636363637
48161,Texas,Freestone,47.81818181818182
48163,Texas,Frio,25.636363636363637
48165,Texas,Gaines,47.81818181818182
48167,Texas,Galveston,53.36363636363637
48169,Texas,Garza,47.81818181818182
48171,Texas,Gillespie,70.0
48173,Texas,Glasscock,58.909090909090914
48175,Texas,Goliad,58.909090909090914
48177,Texas,Gonzales,53.36363636363637
48179,Texas,Gray,47.81818181818182
48181,Texas,Grayson,64.45454545454545
48183,Texas,Gregg,47.81818181818182
48185,Texas,Grimes,53.36363636363637
48187,Texas,Guadalupe,64.45454545454545
48189,Texas,Hale,25.636363636363637
48191,Texas,Hall,25.636363636363637
48193,Texas,Hamilton,53.36363636363637
48195,Texas,Hansford,42.27272727272727
48197,Texas,Hardeman,25.636363636363637
48199,Texas,Hardin,58.909090909090914
48201,Texas,Harris,70.0
48203,Texas,Harrison,47.81818181818182
48205,Texas,Hartley,25.636363636363637
48207,Texas,Haskell,25.636363636363637
48209,Texas,Hays,58.909090909090914
48211,Texas,Hemphill,64.45454545454545
48213,Texas,Henderson,47.81818181818182
48215,Texas,Hidalgo,14.545454545454547
48217,Texas,Hill,47.81818181818182
48219,Texas,Hockley,47.81818181818182
48221,Texas,Hood,58.909090909090914
48223,Texas,Hopkins,53.36363636363637
48225,Texas,Houston,25.636363636363637
48227,Texas,Howard,47.81818181818182
48229,Texas,Hudspeth,14.545454545454547
48231,Texas,Hunt,47.81818181818182
48233,Texas,Hutchinson,64.45454545454545
48235,Texas,Irion,70.0
48237,Texas,Jack,53.36363636363637
48239,Texas,Jackson,64.45454545454545
48241,Texas,Jasper,25.636363636363637
48243,Texas,Jeff Davis,53.36363636363637
48245,Texas,Jefferson,47.81818181818182
48247,Texas,Jim Hogg,14.545454545454547
48249,Texas,Jim Wells,25.636363636363637
48251,Texas,Johnson,64.45454545454545
48253,Texas,Jones,25.636363636363637
48255,Texas,Karnes,64.45454545454545
48257,Texas,Kaufman,64.45454545454545
48259,Texas,Kendall,70.0
48261,Texas,Kenedy,20.090909090909093
48263,Texas,Kent,64.45454545454545
48265,Texas,Kerr,58.909090909090914
48267,Texas,Kimble,64.45454545454545
48269,Texas,King,58.909090909090914
48271,Texas,Kinney,25.636363636363637
48273,Texas,Kleberg,14.545454545454547
48275,Texas,Knox,42.27272727272727
48277,Texas,Lamar,47.81818181818182
48279,Texas,Lamb,25.636363636363637
48281,Texas,Lampasas,53.36363636363637
48283,Texas,La Salle,64.45454545454545
48285,Texas,Lavaca,58.909090909090914
48287,Texas,Lee,64.45454545454545
48289,Texas,Leon,53.36363636363637
48291,Texas,Liberty,47.81818181818182
48293,Texas,Limestone,25.636363636363637
48295,Texas,Lipscomb,64.45454545454545
48297,Texas,Live Oak,25.636363636363637
48299,Texas,Llano,70.0
48301,Texas,Loving,70.0
48303,Texas,Lubbock,53.36363636363637
48305,Texas,Lynn,53.36363636363637
48307,Texas,McCulloch,47.81818181818182
48309,Texas,McLennan,42.27272727272727
48311,Texas,McMullen,58.909090909090914
48313,Texas,Madison,14.545454545454547
48315,Texas,Marion,47.81818181818182
48317,Texas,Martin,58.909090909090914
48319,Texas,Mason,64.45454545454545
48321,Texas,Matagorda,42.27272727272727
48323,Texas,Maverick,14.545454545454547
48325,Texas,Medina,53.36363636363637
48327,Texas,Menard,53.36363636363637
48329,Texas,Midland,70.0
48331,Texas,Milam,47.81818181818182
48333,Texas,Mills,53.36363636363637
48335,Texas,Mitchell,25.636363636363637
48337,Texas,Montague,64.45454545454545
48339,Texas,Montgomery,70.0
48341,Texas,Moore,25.636363636363637
48343,Texas,Morris,25.636363636363637
48345,Texas,Motley,53.36363636363637
48347,Texas,Nacogdoches,25.636363636363637
48349,Texas,Navarro,42.27272727272727
48351,Texas,Newton,25.636363636363637
48353,Texas,Nolan,47.81818181818182
48355,Texas,Nueces,53.36363636363637
48357,Texas,Ochiltree,53.36363636363637
48359,Texas,Oldham,53.36363636363637
48361,Texas,Orange,47.81818181818182
48363,Texas,Palo Pinto,53.36363636363637
48365,Texas,Panola,47.81818181818182
48367,Texas,Parker,70.0
48369,Texas,Parmer,25.636363636363637
48371,Texas,Pecos,25.636363636363637
48373,Texas,Polk,47.81818181818182
48375,Texas,Potter,53.36363636363637
48377,Texas,Presidio,25.636363636363637
48379,Texas,Rains,42.27272727272727
48381,Texas,Randall,58.909090909090914
48383,Texas,Reagan,53.36363636363637
48385,Texas,Real,25.636363636363637
48387,Texas,Red River,25.636363636363637
48389,Texas,Reeves,25.636363636363637
48391,Texas,Refugio,47.81818181818182
48393,Texas,Roberts,70.0
48395,Texas,Robertson,47.81818181818182
48397,Texas,Rockwall,64.45454545454545
48399,Texas,Runnels,42.27272727272727
48401,Texas,Rusk,47.81818181818182
48403,Texas,Sabine,25.636363636363637
48405,Texas,San Augustine,25.636363636363637
48407,Texas,San Jacinto,25.636363636363637
48409,Texas,San Patricio,47.81818181818182
48411,Texas,San Saba,53.36363636363637
48413,Texas,Schleicher,58.909090909090914
48415,Texas,Scurry,47.81818181818182
48417,Texas,Shackelford,47.81818181818182
48419,Texas,Shelby,25.636363636363637
48421,Texas,Sherman,53.36363636363637
48423,Texas,Smith,53.36363636363637
48425,Texas,Somervell,47.81818181818182
48427,Texas,Starr,14.545454545454547
48429,Texas,Stephens,42.27272727272727
48431,Texas,Sterling,53.36363636363637
48433,Texas,Stonewall,64.45454545454545
48435,Texas,Sutton,70.0
48437,Texas,Swisher,25.636363636363637
48439,Texas,Tarrant,58.909090909090914
48441,Texas,Taylor,53.36363636363637
48443,Texas,Terrell,25.636363636363637
48445,Texas,Terry,42.27272727272727
48447,Texas,Throckmorton,64.45454545454545
48449,Texas,Titus,25.636363636363637
48451,Texas,Tom Green,64.45454545454545
48453,Texas,Travis,70.0
48455,Texas,Trinity,25.636363636363637
48457,Texas,Tyler,25.636363636363637
48459,Texas,Upshur,47.81818181818182
48461,Texas,Upton,53.36363636363637
48463,Texas,Uvalde,25.636363636363637
48465,Texas,Val Verde,25.636363636363637
48467,Texas,Van Zandt,53.36363636363637
48469,Texas,Victoria,64.45454545454545
48471,Texas,Walker,25.636363636363637
48473,Texas,Waller,53.36363636363637
48475,Texas,Ward,53.36363636363637
48477,Texas,Washington,64.45454545454545
48479,Texas,Webb,14.545454545454547
48481,Texas,Wharton,53.36363636363637
48483,Texas,Wheeler,47.81818181818182
48485,Texas,Wichita,53.36363636363637
48487,Texas,Wilbarger,42.27272727272727
48489,Texas,Willacy,14.545454545454547
48491,Texas,Williamson,70.0
48493,Texas,Wilson,58.909090909090914
48495,Texas,Winkler,53.36363636363637
48497,Texas,Wise,58.909090909090914
48499,Texas,Wood,53.36363636363637
48501,Texas,Yoakum,47.81818181818182
48503,Texas,Young,53.36363636363637
48505,Texas,Zapata,14.545454545454547
48507,Texas,Zavala,14.545454545454547
49001,Utah,Beaver,25.636363636363637
49003,Utah,Box Elder,47.81818181818182
49005,Utah,Cache,25.636363636363637
49007,Utah,Carbon,25.636363636363637
49009,Utah,Daggett,53.36363636363637
49011,Utah,Davis,64.45454545454545
49013,Utah,Duchesne,47.81818181818182
49015,Utah,Emery,25.636363636363637
49017,Utah,Garfield,47.81818181818182
49019,Utah,Grand,53.36363636363637
49021,Utah,Iron,25.636363636363637
49023,Utah,Juab,25.636363636363637
49025,Utah,Kane,47.81818181818182
49027,Utah,Millard,47.81818181818182
49029,Utah,Morgan,58.909090909090914
49031,Utah,Piute,25.636363636363637
49033,Utah,Rich,25.636363636363637
49035,Utah,Salt Lake,58.909090909090914
49037,Utah,San Juan,14.545454545454547
49039,Utah,Sanpete,14.545454545454547
49041,Utah,Sevier,25.636363636363637
49043,Utah,Summit,70.0
49045,Utah,Tooele,53.36363636363637
49047,Utah,Uintah,53.36363636363637
49049,Utah,Utah,47.81818181818182
49051,Utah,Wasatch,58.909090909090914
49053,Utah,Washington,47.81818181818182
49055,Utah,Wayne,25.636363636363637
49057,Utah,Weber,53.36363636363637
50001,Vermont,Addison,58.909090909090914
50003,Vermont,Bennington,64.45454545454545
50005,Vermont,Caledonia,47.81818181818182
50007,Vermont,Chittenden,70.0
50009,Vermont,Essex,31.181818181818183
50011,Vermont,Franklin,58.909090909090914
50013,Vermont,Grand Isle,53.36363636363637
50015,Vermont,Lamoille,58.909090909090914
50017,Vermont,Orange,64.45454545454545
50019,Vermont,Orleans,53.36363636363637
50021,Vermont,Rutland,58.909090909090914
50023,Vermont,Washington,58.909090909090914
50025,Vermont,Windham,53.36363636363637
50027,Vermont,Windsor,58.909090909090914
51001,Virginia,Accomack,36.72727272727273
51003,Virginia,Albemarle,70.0
51005,Virginia,Alleghany,64.45454545454545
51007,Virginia,Amelia,47.81818181818182
51009,Virginia,Amherst,47.81818181818182
51011,Virginia,Appomattox,47.81818181818182
51013,Virginia,Arlington,9.0
51015,Virginia,Augusta,70.0
51017,Virginia,Bath,64.45454545454545
51019,Virginia,Bedford,58.909090909090914
51021,Virginia,Bland,47.81818181818182
51023,Virginia,Botetourt,70.0
51025,Virginia,Brunswick,14.545454545454547
51027,Virginia,Buchanan,25.636363636363637
51029,Virginia,Buckingham,25.636363636363637
51031,Virginia,Campbell,53.36363636363637
51033,Virginia,Caroline,64.45454545454545
51035,Virginia,Carroll,36.72727272727273
51036,Virginia,Charles City,64.45454545454545
51037,Virginia,Charlotte,25.636363636363637
51041,Virginia,Chesterfield,58.909090909090914
51043,Virginia,Clarke,58.909090909090914
51045,Virginia,Craig,64.45454545454545
51047,Virginia,Culpeper,58.909090909090914
51049,Virginia,Cumberland,42.27272727272727
51051,Virginia,Dickenson,25.636363636363637
51053,Virginia,Dinwiddie,47.81818181818182
51057,Virginia,Essex,47.81818181818182
51059,Virginia,Fairfax,58.909090909090914
51061,Virginia,Fauquier,70.0
51063,Virginia,Floyd,53.36363636363637
51065,Virginia,Fluvanna,58.909090909090914
51067,Virginia,Franklin,53.36363636363637
51069,Virginia,Frederick,64.45454545454545
51071,Virginia,Giles,42.27272727272727
51073,Virginia,Gloucester,64.45454545454545
51075,Virginia,Goochland,70.0
51077,Virginia,Grayson,14.545454545454547
51079,Virginia,Greene,64.45454545454545
51081,Virginia,Greensville,14.545454545454547
51083,Virginia,Halifax,25.636363636363637
51085,Virginia,Hanover,70.0
51087,Virginia,Henrico,64.45454545454545
51089,Virginia,Henry,25.636363636363637
51091,Virginia,Highland,58.909090909090914
51093,Virginia,Isle of Wight,58.909090909090914
51095,Virginia,James City,64.45454545454545
51097,Virginia,King and Queen,53.36363636363637
51099,Virginia,King George,58.909090909090914
51101,Virginia,King William,64.45454545454545
51103,Virginia,Lancaster,47.81818181818182
51105,Virginia,Lee,14.545454545454547
51107,Virginia,Loudoun,70.0
51109,Virginia,Louisa,58.909090909090914
51111,Virginia,Lunenburg,25.636363636363637
51113,Virginia,Madison,64.45454545454545
51115,Virginia,Mathews,42.27272727272727
51117,Virginia,Mecklenburg,25.636363636363637
51119,Virginia,Middlesex,47.81818181818182
51121,Virginia,Montgomery,64.45454545454545
51125,Virginia,Nelson,58.909090909090914
51127,Virginia,New Kent,58.909090909090914
51131,Virginia,Northampton,42.27272727272727
51133,Virginia,Northumberland,58.909090909090914
51135,Virginia,Nottoway,25.636363636363637
51137,Virginia,Orange,58.909090909090914
51139,Virginia,Page,53.36363636363637
51141,Virginia,Patrick,25.636363636363637
51143,Virginia,Pittsylvania,42.27272727272727
51145,Virginia,Powhatan,70.0
51147,Virginia,Prince Edward,25.636363636363637
51149,Virginia,Prince George,47.81818181818182
51153,Virginia,Prince William,70.0
51155,Virginia,Pulaski,47.81818181818182
51157,Virginia,Rappahannock,58.909090909090914
51159,Virginia,Richmond,36.72727272727273
51161,Virginia,Roanoke,58.909090909090914
51163,Virginia,Rockbridge,58.909090909090914
51165,Virginia,Rockingham,58.909090909090914
51167,Virginia,Russell,42.27272727272727
51169,Virginia,Scott,14.545454545454547
51171,Virginia,Shenandoah,53.36363636363637
51173,Virginia,Smyth,25.636363636363637
51175,Virginia,Southampton,47.81818181818182
51177,Virginia,Spotsylvania,58.909090909090914
51179,Virginia,Stafford,58.909090909090914
51181,Virginia,Surry,64.45454545454545
51183,Virginia,Sussex,31.181818181818183
51185,Virginia,Tazewell,42.27272727272727
51187,Virginia,Warren,58.909090909090914
51191,Virginia,Washington,31.181818181818183
51193,Virginia,Westmoreland,47.81818181818182
51195,Virginia,Wise,25.636363636363637
51197,Virginia,Wythe,47.81818181818182
51199,Virginia,York,53.36363636363637
51510,Virginia,Alexandria,9.0
51520,Virginia,Bristol,31.181818181818183
51530,Virginia,Buena Vista,
51540,Virginia,Charlottesville,70.0
51550,Virginia,Chesapeake,47.81818181818182
51570,Virginia,Colonial Heights,
51580,Virginia,Covington,31.181818181818183
51590,Virginia,Danville,20.090909090909093
51595,Virginia,Emporia,
51600,Virginia,Fairfax,70.0
51610,Virginia,Falls Church,
51620,Virginia,Franklin,31.181818181818183
51630,Virginia,Fredericksburg,31.181818181818183
51640,Virginia,Galax,25.636363636363637
51650,Virginia,Hampton,9.0
51660,Virginia,Harrisonburg,70.0
51670,Virginia,Hopewell,58.909090909090914
51678,Virginia,Lexington,
51680,Virginia,Lynchburg,64.45454545454545
51683,Virginia,Manassas,70.0
51685,Virginia,Manassas Park,
51690,Virginia,Martinsville,25.636363636363637
51700,Virginia,Newport News,31.181818181818183
51710,Virginia,Norfolk,53.36363636363637
51720,Virginia,Norton,25.636363636363637
51730,Virginia,Petersburg,58.909090909090914
51735,Virginia,Poquoson,14.545454545454547
51740,Virginia,Portsmouth,64.45454545454545
51750,Virginia,Radford,
51760,Virginia,Richmond,64.45454545454545
51770,Virginia,Roanoke,47.81818181818182
51775,Virginia,Salem,
51790,Virginia,Staunton,70.0
51800,Virginia,Suffolk,53.36363636363637
51810,Virginia,Virginia Beach,53.36363636363637
51820,Virginia,Waynesboro,42.27272727272727
51830,Virginia,Williamsburg,
51840,Virginia,Winchester,
53001,Washington,Adams,25.636363636363637
53003,Washington,Asotin,47.81818181818182
53005,Washington,Benton,64.45454545454545
53007,Washington,Chelan,58.909090909090914
53009,Washington,Clallam,64.45454545454545
53011,Washington,Clark,64.45454545454545
53013,Washington,Columbia,64.45454545454545
53015,Washington,Cowlitz,53.36363636363637
53017,Washington,Douglas,53.36363636363637
53019,Washington,Ferry,42.27272727272727
53021,Washington,Franklin,47.81818181818182
53023,Washington,Garfield,47.81818181818182
53025,Washington,Grant,47.81818181818182
53027,Washington,Grays Harbor,47.81818181818182
53029,Washington,Island,31.181818181818183
53031,Washington,Jefferson,58.909090909090914
53033,Washington,King,70.0
53035,Washington,Kitsap,53.36363636363637
53037,Washington,Kittitas,64.45454545454545
53039,Washington,Klickitat,47.81818181818182
53041,Washington,Lewis,53.36363636363637
53043,Washington,Lincoln,64.45454545454545
53045,Washington,Mason,53.36363636363637
53047,Washington,Okanogan,53.36363636363637
53049,Washington,Pacific,42.27272727272727
53051,Washington,Pend Oreille,53.36363636363637
53053,Washington,Pierce,70.0
53055,Washington,San Juan,64.45454545454545
53057,Washington,Skagit,58.909090909090914
53059,Washington,Skamania,58.909090909090914
53061,Washington,Snohomish,70.0
53063,Washington,Spokane,58.909090909090914
53065,Washington,Stevens,53.36363636363637
53067,Washington,Thurston,58.909090909090914
53069,Washington,Wahkiakum,36.72727272727273
53071,Washington,Walla Walla,47.81818181818182
53073,Washington,Whatcom,58.909090909090914
53075,Washington,Whitman,42.27272727272727
53077,Washington,Yakima,42.27272727272727
54001,West Virginia,Barbour,25.636363636363637
54003,West Virginia,Berkeley,42.27272727272727
54005,West Virginia,Boone,25.636363636363637
54007,West Virginia,Braxton,25.636363636363637
54009,West Virginia,Brooke,20.090909090909093
54011,West Virginia,Cabell,36.72727272727273
54013,West Virginia,Calhoun,14.545454545454547
54015,West Virginia,Clay,25.636363636363637
54017,West Virginia,Doddridge,25.636363636363637
54019,West Virginia,Fayette,25.636363636363637
54021,West Virginia,Gilmer,25.636363636363637
54023,West Virginia,Grant,25.636363636363637
54025,West Virginia,Greenbrier,42.27272727272727
54027,West Virginia,Hampshire,25.636363636363637
54029,West Virginia,Hancock,14.545454545454547
54031,West Virginia,Hardy,42.27272727272727
54033,West Virginia,Harrison,53.36363636363637
54035,West Virginia,Jackson,42.27272727272727
54037,West Virginia,Jefferson,31.181818181818183
54039,West Virginia,Kanawha,64.45454545454545
54041,West Virginia,Lewis,25.636363636363637
54043,West Virginia,Lincoln,25.636363636363637
54045,West Virginia,Logan,25.636363636363637
54047,West Virginia,McDowell,14.545454545454547
54049,West Virginia,Marion,47.81818181818182
54051,West Virginia,Marshall,31.181818181818183
54053,West Virginia,Mason,25.636363636363637
54055,West Virginia,Mercer,25.636363636363637
54057,West Virginia,Mineral,25.636363636363637
54059,West Virginia,Mingo,14.545454545454547
54061,West Virginia,Monongalia,53.36363636363637
54063,West Virginia,Monroe,31.181818181818183
54065,West Virginia,Morgan,36.72727272727273
54067,West Virginia,Nicholas,25.636363636363637
54069,West Virginia,Ohio,31.181818181818183
54071,West Virginia,Pendleton,36.72727272727273
54073,West Virginia,Pleasants,36.72727272727273
54075,West Virginia,Pocahontas,36.72727272727273
54077,West Virginia,Preston,25.636363636363637
54079,West Virginia,Putnam,58.909090909090914
54081,West Virginia,Raleigh,42.27272727272727
54083,West Virginia,Randolph,47.81818181818182
54085,West Virginia,Ritchie,25.636363636363637
54087,West Virginia,Roane,25.636363636363637
54089,West Virginia,Summers,25.636363636363637
54091,West Virginia,Taylor,25.636363636363637
54093,West Virginia,Tucker,25.636363636363637
54095,West Virginia,Tyler,42.27272727272727
54097,West Virginia,Upshur,25.636363636363637
54099,West Virginia,Wayne,25.636363636363637
54101,West Virginia,Webster,25.636363636363637
54103,West Virginia,Wetzel,36.72727272727273
54105,West Virginia,Wirt,25.636363636363637
54107,West Virginia,Wood,47.81818181818182
54109,West Virginia,Wyoming,25.636363636363637
55001,Wisconsin,Adams,47.81818181818182
55003,Wisconsin,Ashland,47.81818181818182
55005,Wisconsin,Barron,64.45454545454545
55007,Wisconsin,Bayfield,58.909090909090914
55009,Wisconsin,Brown,58.909090909090914
55011,Wisconsin,Buffalo,53.36363636363637
55013,Wisconsin,Burnett,53.36363636363637
55015,Wisconsin,Calumet,58.909090909090914
55017,Wisconsin,Chippewa,64.45454545454545
55019,Wisconsin,Clark,47.81818181818182
55021,Wisconsin,Columbia,70.0
55023,Wisconsin,Crawford,47.81818181818182
55025,Wisconsin,Dane,70.0
55027,Wisconsin,Dodge,64.45454545454545
55029,Wisconsin,Door,64.45454545454545
55031,Wisconsin,Douglas,64.45454545454545
55033,Wisconsin,Dunn,64.45454545454545
55035,Wisconsin,Eau Claire,64.45454545454545
55037,Wisconsin,Florence,47.81818181818182
55039,Wisconsin,Fond du Lac,58.909090909090914
55041,Wisconsin,Forest,47.81818181818182
55043,Wisconsin,Grant,47.81818181818182
55045,Wisconsin,Green,64.45454545454545
55047,Wisconsin,Green Lake,53.36363636363637
55049,Wisconsin,Iowa,70.0
55051,Wisconsin,Iron,53.36363636363637
55053,Wisconsin,Jackson,53.36363636363637
55055,Wisconsin,Jefferson,58.909090909090914
55057,Wisconsin,Juneau,47.81818181818182
55059,Wisconsin,Kenosha,36.72727272727273
55061,Wisconsin,Kewaunee,64.45454545454545
55063,Wisconsin,La Crosse,64.45454545454545
55065,Wisconsin,Lafayette,47.81818181818182
55067,Wisconsin,Langlade,53.36363636363637
55069,Wisconsin,Lincoln,58.909090909090914
55071,Wisconsin,Manitowoc,53.36363636363637
55073,Wisconsin,Marathon,70.0
55075,Wisconsin,Marinette,47.81818181818182
55077,Wisconsin,Marquette,64.45454545454545
55078,Wisconsin,Menominee,31.181818181818183
55079,Wisconsin,Milwaukee,47.81818181818182
55081,Wisconsin,Monroe,64.45454545454545
55083,Wisconsin,Oconto,64.45454545454545
55085,Wisconsin,Oneida,58.909090909090914
55087,Wisconsin,Outagamie,58.909090909090914
55089,Wisconsin,Ozaukee,70.0
55091,Wisconsin,Pepin,42.27272727272727
55093,Wisconsin,Pierce,64.45454545454545
55095,Wisconsin,Polk,64.45454545454545
55097,Wisconsin,Portage,64.45454545454545
55099,Wisconsin,Price,64.45454545454545
55101,Wisconsin,Racine,64.45454545454545
55103,Wisconsin,Richland,53.36363636363637
55105,Wisconsin,Rock,47.81818181818182
55107,Wisconsin,Rusk,47.81818181818182
55109,Wisconsin,St. Croix,70.0
55111,Wisconsin,Sauk,58.909090909090914
55113,Wisconsin,Sawyer,58.909090909090914
55115,Wisconsin,Shawano,64.45454545454545
55117,Wisconsin,Sheboygan,64.45454545454545
55119,Wisconsin,Taylor,53.36363636363637
55121,Wisconsin,Trempealeau,53.36363636363637
55123,Wisconsin,Vernon,47.81818181818182
55125,Wisconsin,Vilas,64.45454545454545
55127,Wisconsin,Walworth,53.36363636363637
55129,Wisconsin,Washburn,58.909090909090914
55131,Wisconsin,Washington,70.0
55133,Wisconsin,Waukesha,70.0
55135,Wisconsin,Waupaca,58.909090909090914
55137,Wisconsin,Waushara,53.36363636363637
55139,Wisconsin,Winnebago,58.909090909090914
55141,Wisconsin,Wood,58.909090909090914
56001,Wyoming,Albany,64.45454545454545
56003,Wyoming,Big Horn,53.36363636363637
56005,Wyoming,Campbell,70.0
56007,Wyoming,Carbon,58.909090909090914
56009,Wyoming,Converse,70.0
56011,Wyoming,Crook,70.0
56013,Wyoming,Fremont,58.909090909090914
56015,Wyoming,Goshen,64.45454545454545
56017,Wyoming,Hot Springs,70.0
56019,Wyoming,Johnson,70.0
56021,Wyoming,Laramie,58.909090909090914
56023,Wyoming,Lincoln,58.909090909090914
56025,Wyoming,Natrona,70.0
56027,Wyoming,Niobrara,47.81818181818182
56029,Wyoming,Park,70.0
56031,Wyoming,Platte,70.0
56033,Wyoming,Sheridan,70.0
56035,Wyoming,Sublette,70.0
56037,Wyoming,Sweetwater,70.0
56039,Wyoming,Teton,70.0
56041,Wyoming,Uinta,64.45454545454545
56043,Wyoming,Washakie,58.909090909090914
56045,Wyoming,Weston,70.0
